ADDRESS_HOME_CITY,ADDRESS_HOME_COUNTRY,ADDRESS_HOME_POSTAL_CODE,ADDRESS_HOME_STATE,ADDRESS_MAILING_CITY,ADDRESS_MAILING_COUNTRY,ADDRESS_MAILING_POSTAL_CODE,ADDRESS_MAILING_STATE,ADDRESS_WORK_CITY,ADDRESS_WORK_COUNTRY,ADDRESS_WORK_POSTAL_CODE,ADDRESS_WORK_STATE,ADVISOR_ID,AGE_RANGE,EDUCATION_LEVEL,EDUCATION_SUPPORT,EFFECTIVE_DATE,EMPLOYMENT_STATUS,EXTERNAL_REFERENCE,GEOGRAPHIC_AREA_HOME,GEOGRAPHIC_AREA_MAILING,GEOGRAPHIC_AREA_WORK,GROSS_INCOME,IMAGE_ID,INDEPENDENCE_CATEGORY,INFRASTRUCTURE_SUPPORT,JOB_DESCRIPTION,LEVEL,MARKETING_SUPPORT,ORGANIZATION_ID,PRIME_ROLE,PROSPECTS_QUOTA,SALARY_GRADE,SKILL_LEVEL,STATUS,STATUS_DATE,STATUS_REASON,TENURE_CARRIER,TENURE_INDUSTRY,TERRITORY_1,TERRITORY_10,TERRITORY_2,TERRITORY_3,TERRITORY_4,TERRITORY_5,TERRITORY_6,TERRITORY_7,TERRITORY_8,TERRITORY_9,TRAINING_LEVEL,TYPE,USER_DEFINED_BOOLEAN_1,USER_DEFINED_BOOLEAN_2,USER_DEFINED_BOOLEAN_3,USER_DEFINED_BOOLEAN_4,USER_DEFINED_BOOLEAN_5,USER_DEFINED_DATE_1,USER_DEFINED_DATE_2,USER_DEFINED_DATE_3,USER_DEFINED_DATE_4,USER_DEFINED_DATE_5,USER_DEFINED_INTEGER_1,USER_DEFINED_INTEGER_2,USER_DEFINED_INTEGER_3,USER_DEFINED_INTEGER_4,USER_DEFINED_INTEGER_5,USER_DEFINED_NUMERIC_1,USER_DEFINED_NUMERIC_2,USER_DEFINED_NUMERIC_3,USER_DEFINED_NUMERIC_4,USER_DEFINED_NUMERIC_5,USER_DEFINED_STRING_1,USER_DEFINED_STRING_2,USER_DEFINED_STRING_3,USER_DEFINED_STRING_4,USER_DEFINED_STRING_5
Emerald City,USA,K0K,Hawaii,Emerald City,USA,K0K,Hawaii,Emerald City,USA,K0K,Hawaii,1000,nulla curabitur,nulla curabitur,tristique,1997-07-04,tristique,nulla curabitur,USA Hawaii,USA Hawaii,USA Hawaii,69.59671170448205,104880,ultricies,semper viverra,ultricies,nulla curabitur,tristique,1743,ultricies,120710,condimentum suscipit,ultricies,ultricies,1987-04-10,tristique,922.2101609145363,tristique,Territory 1,Territory 10,Territory 2,Territory 3,Territory 4,Territory 5,Territory 6,Territory 7,Territory 8,Territory 9,condimentum suscipit,lorem ipsum,,,,,,,,,,,,,,,,,,,,,,,,,
Los Santos,USA,A1Z,Montana,Los Santos,USA,A1Z,Montana,Los Santos,USA,A1Z,Montana,1001,nulla curabitur,nulla curabitur,tristique,1971-08-19,condimentum suscipit,ultricies,USA Montana,USA Montana,USA Montana,807.8362293987333,142214,tristique,semper viverra,condimentum suscipit,ultricies,semper viverra,1960,tristique,105428,nulla curabitur,ultricies,ultricies,2010-03-05,ultricies,133.17855489172558,nulla curabitur,Territory 1,Territory 10,Territory 2,Territory 3,Territory 4,Territory 5,Territory 6,Territory 7,Territory 8,Territory 9,condimentum suscipit,ultricies,,,,,,,,,,,,,,,,,,,,,,,,,
Springfield,USA,Q4L,Maryland,Springfield,USA,Q4L,Maryland,Springfield,USA,Q4L,Maryland,1002,condimentum suscipit,lorem ipsum,tristique,1993-06-05,nulla curabitur,semper viverra,USA Maryland,USA Maryland,USA Maryland,536.6244507896691,140042,tristique,nulla curabitur,tristique,nulla curabitur,semper viverra,1055,semper viverra,109489,ultricies,tincidunt donec,nulla curabitur,1985-04-12,nulla curabitur,276.0520526535395,tristique,Territory 1,Territory 10,Territory 2,Territory 3,Territory 4,Territory 5,Territory 6,Territory 7,Territory 8,Territory 9,ultricies,tincidunt donec,,,,,,,,,,,,,,,,,,,,,,,,,
Smallville,USA,B1Z,Alabama,Smallville,USA,B1Z,Alabama,Smallville,USA,B1Z,Alabama,1003,condimentum suscipit,tristique,ultricies,1997-12-26,condimentum suscipit,nulla curabitur,USA Alabama,USA Alabama,USA Alabama,21.322723596919396,89946,tincidunt donec,tincidunt donec,nulla curabitur,tincidunt donec,ultricies,1805,semper viverra,125335,condimentum suscipit,nulla curabitur,tincidunt donec,2011-08-26,tincidunt donec,437.98180662897175,semper viverra,Territory 1,Territory 10,Territory 2,Territory 3,Territory 4,Territory 5,Territory 6,Territory 7,Territory 8,Territory 9,condimentum suscipit,nulla curabitur,,,,,,,,,,,,,,,,,,,,,,,,,
Star City,USA,A1Z,Idaho,Star City,USA,A1Z,Idaho,Star City,USA,A1Z,Idaho,1004,nulla curabitur,condimentum suscipit,tincidunt donec,1999-04-02,nulla curabitur,semper viverra,USA Idaho,USA Idaho,USA Idaho,895.4513021686188,142651,nulla curabitur,tincidunt donec,semper viverra,ultricies,tristique,1943,condimentum suscipit,115153,tristique,condimentum suscipit,condimentum suscipit,1958-11-04,nulla curabitur,25.086785967565184,semper viverra,Territory 1,Territory 10,Territory 2,Territory 3,Territory 4,Territory 5,Territory 6,Territory 7,Territory 8,Territory 9,nulla curabitur,tristique,,,,,,,,,,,,,,,,,,,,,,,,,
Smallville,Canada,Q4L,SK,Smallville,Canada,Q4L,SK,Smallville,Canada,Q4L,SK,1005,ultricies,condimentum suscipit,tristique,2013-06-10,condimentum suscipit,nulla curabitur,Canada SK Saskatchewan,Canada SK Saskatchewan,Canada SK Saskatchewan,268.63485523242304,122584,condimentum suscipit,tristique,nulla curabitur,tincidunt donec,condimentum suscipit,1232,tristique,70587,nulla curabitur,tincidunt donec,nulla curabitur,2011-09-20,ultricies,253.137041214875,semper viverra,Territory 1,Territory 10,Territory 2,Territory 3,Territory 4,Territory 5,Territory 6,Territory 7,Territory 8,Territory 9,tincidunt donec,tincidunt donec,,,,,,,,,,,,,,,,,,,,,,,,,
Los Santos,Canada,K0K,PE,Los Santos,Canada,K0K,PE,Los Santos,Canada,K0K,PE,1006,semper viverra,condimentum suscipit,nulla curabitur,1961-05-06,tristique,condimentum suscipit,Canada PE Prince Edward Island,Canada PE Prince Edward Island,Canada PE Prince Edward Island,60.69545475661493,113909,ultricies,nulla curabitur,nulla curabitur,tincidunt donec,condimentum suscipit,1107,condimentum suscipit,93868,ultricies,condimentum suscipit,tristique,1975-06-21,ultricies,159.44363154915746,nulla curabitur,Territory 1,Territory 10,Territory 2,Territory 3,Territory 4,Territory 5,Territory 6,Territory 7,Territory 8,Territory 9,condimentum suscipit,tincidunt donec,,,,,,,,,,,,,,,,,,,,,,,,,
Metropolis,USA,K0K,Louisiana,Metropolis,USA,K0K,Louisiana,Metropolis,USA,K0K,Louisiana,1007,lorem ipsum,condimentum suscipit,nulla curabitur,2001-07-06,ultricies,ultricies,USA Louisiana,USA Louisiana,USA Louisiana,458.65629686493565,90105,tristique,tristique,tincidunt donec,condimentum suscipit,tristique,1302,ultricies,143601,semper viverra,nulla curabitur,nulla curabitur,1973-10-24,ultricies,531.5114640226202,lorem ipsum,Territory 1,Territory 10,Territory 2,Territory 3,Territory 4,Territory 5,Territory 6,Territory 7,Territory 8,Territory 9,lorem ipsum,ultricies,,,,,,,,,,,,,,,,,,,,,,,,,
Star City,Canada,B1Z,ON,Star City,Canada,B1Z,ON,Star City,Canada,B1Z,ON,1008,tristique,tristique,tincidunt donec,1999-04-02,lorem ipsum,tristique,Canada ON Ontario,Canada ON Ontario,Canada ON Ontario,931.2531365311272,65504,ultricies,nulla curabitur,semper viverra,nulla curabitur,lorem ipsum,1105,nulla curabitur,111777,nulla curabitur,ultricies,nulla curabitur,1959-01-04,nulla curabitur,261.7164376593123,nulla curabitur,Territory 1,Territory 10,Territory 2,Territory 3,Territory 4,Territory 5,Territory 6,Territory 7,Territory 8,Territory 9,tristique,semper viverra,,,,,,,,,,,,,,,,,,,,,,,,,
Metropolis,USA,K0K,Illinois,Metropolis,USA,K0K,Illinois,Metropolis,USA,K0K,Illinois,1009,ultricies,ultricies,nulla curabitur,1967-11-07,semper viverra,nulla curabitur,USA Illinois,USA Illinois,USA Illinois,423.58542060979835,71167,nulla curabitur,ultricies,condimentum suscipit,condimentum suscipit,tristique,1344,semper viverra,90967,condimentum suscipit,ultricies,nulla curabitur,2006-07-02,tristique,263.85063201931723,condimentum suscipit,Territory 1,Territory 10,Territory 2,Territory 3,Territory 4,Territory 5,Territory 6,Territory 7,Territory 8,Territory 9,semper viverra,semper viverra,,,,,,,,,,,,,,,,,,,,,,,,,
Emerald City,USA,K0K,Washington,Emerald City,USA,K0K,Washington,Emerald City,USA,K0K,Washington,1010,ultricies,semper viverra,tristique,1979-03-30,tincidunt donec,condimentum suscipit,USA Washington,USA Washington,USA Washington,432.19303811412544,62229,semper viverra,lorem ipsum,lorem ipsum,lorem ipsum,condimentum suscipit,1962,tristique,64251,nulla curabitur,lorem ipsum,condimentum suscipit,2005-02-15,ultricies,374.91306398910353,tristique,Territory 1,Territory 10,Territory 2,Territory 3,Territory 4,Territory 5,Territory 6,Territory 7,Territory 8,Territory 9,ultricies,condimentum suscipit,,,,,,,,,,,,,,,,,,,,,,,,,
Springfield,Canada,P0J,NB,Springfield,Canada,P0J,NB,Springfield,Canada,P0J,NB,1011,tincidunt donec,tincidunt donec,lorem ipsum,2016-09-20,tincidunt donec,semper viverra,Canada NB New Brunswick,Canada NB New Brunswick,Canada NB New Brunswick,146.10136505216792,59135,nulla curabitur,semper viverra,tincidunt donec,lorem ipsum,condimentum suscipit,1831,tincidunt donec,95747,lorem ipsum,condimentum suscipit,ultricies,1964-02-12,condimentum suscipit,433.46908035248055,tristique,Territory 1,Territory 10,Territory 2,Territory 3,Territory 4,Territory 5,Territory 6,Territory 7,Territory 8,Territory 9,tincidunt donec,nulla curabitur,,,,,,,,,,,,,,,,,,,,,,,,,
Star City,Canada,Q4L,NS,Star City,Canada,Q4L,NS,Star City,Canada,Q4L,NS,1012,semper viverra,tristique,ultricies,2014-03-25,tristique,condimentum suscipit,Canada NS Nova Scotia,Canada NS Nova Scotia,Canada NS Nova Scotia,627.6931511530512,69418,ultricies,condimentum suscipit,lorem ipsum,condimentum suscipit,nulla curabitur,1894,tristique,100728,ultricies,nulla curabitur,condimentum suscipit,1995-07-06,tincidunt donec,544.0292350188828,tincidunt donec,Territory 1,Territory 10,Territory 2,Territory 3,Territory 4,Territory 5,Territory 6,Territory 7,Territory 8,Territory 9,condimentum suscipit,nulla curabitur,,,,,,,,,,,,,,,,,,,,,,,,,
Castle Rock,Canada,K0K,YT,Castle Rock,Canada,K0K,YT,Castle Rock,Canada,K0K,YT,1013,condimentum suscipit,condimentum suscipit,lorem ipsum,2009-05-13,tristique,nulla curabitur,Canada YT Yukon,Canada YT Yukon,Canada YT Yukon,951.4305726591281,116959,nulla curabitur,lorem ipsum,ultricies,condimentum suscipit,semper viverra,1503,ultricies,63440,lorem ipsum,ultricies,ultricies,2007-06-26,ultricies,340.6782249172425,tincidunt donec,Territory 1,Territory 10,Territory 2,Territory 3,Territory 4,Territory 5,Territory 6,Territory 7,Territory 8,Territory 9,tincidunt donec,tristique,,,,,,,,,,,,,,,,,,,,,,,,,
Bedrock,USA,B1Z,Maryland,Bedrock,USA,B1Z,Maryland,Bedrock,USA,B1Z,Maryland,1014,nulla curabitur,semper viverra,ultricies,1986-05-22,tristique,condimentum suscipit,USA Maryland,USA Maryland,USA Maryland,927.3433890463908,96081,ultricies,nulla curabitur,ultricies,nulla curabitur,condimentum suscipit,1365,condimentum suscipit,56726,lorem ipsum,tristique,semper viverra,2009-06-13,tristique,437.3880905386525,ultricies,Territory 1,Territory 10,Territory 2,Territory 3,Territory 4,Territory 5,Territory 6,Territory 7,Territory 8,Territory 9,tincidunt donec,tincidunt donec,,,,,,,,,,,,,,,,,,,,,,,,,
Smallville,USA,Q4L,South,Smallville,USA,Q4L,South,Smallville,USA,Q4L,South,1015,tincidunt donec,tristique,condimentum suscipit,1960-03-26,condimentum suscipit,condimentum suscipit,USA South Carolina,USA South Carolina,USA South Carolina,775.0790308610243,52172,tincidunt donec,tincidunt donec,tincidunt donec,nulla curabitur,condimentum suscipit,1806,lorem ipsum,94043,ultricies,tincidunt donec,tristique,1952-12-13,nulla curabitur,931.706354720139,lorem ipsum,Territory 1,Territory 10,Territory 2,Territory 3,Territory 4,Territory 5,Territory 6,Territory 7,Territory 8,Territory 9,tristique,tristique,,,,,,,,,,,,,,,,,,,,,,,,,
Zion,USA,B1Z,Washington,Zion,USA,B1Z,Washington,Zion,USA,B1Z,Washington,1016,semper viverra,ultricies,nulla curabitur,1966-08-28,nulla curabitur,nulla curabitur,USA Washington,USA Washington,USA Washington,108.89918106492874,65398,condimentum suscipit,ultricies,semper viverra,semper viverra,ultricies,1824,semper viverra,73554,nulla curabitur,semper viverra,condimentum suscipit,2016-06-09,condimentum suscipit,345.7023528326688,tincidunt donec,Territory 1,Territory 10,Territory 2,Territory 3,Territory 4,Territory 5,Territory 6,Territory 7,Territory 8,Territory 9,tristique,tristique,,,,,,,,,,,,,,,,,,,,,,,,,
Emerald City,USA,B1Z,Michigan,Emerald City,USA,B1Z,Michigan,Emerald City,USA,B1Z,Michigan,1017,condimentum suscipit,tristique,ultricies,1965-06-05,tristique,condimentum suscipit,USA Michigan,USA Michigan,USA Michigan,67.83431760690357,127214,tristique,semper viverra,nulla curabitur,condimentum suscipit,nulla curabitur,1293,semper viverra,59158,tristique,tincidunt donec,nulla curabitur,1956-05-17,ultricies,834.5545803842165,lorem ipsum,Territory 1,Territory 10,Territory 2,Territory 3,Territory 4,Territory 5,Territory 6,Territory 7,Territory 8,Territory 9,tincidunt donec,tristique,,,,,,,,,,,,,,,,,,,,,,,,,
Central City,USA,G1P,South,Central City,USA,G1P,South,Central City,USA,G1P,South,1018,nulla curabitur,nulla curabitur,nulla curabitur,1978-01-15,ultricies,nulla curabitur,USA South Carolina,USA South Carolina,USA South Carolina,343.8890423012255,131417,ultricies,condimentum suscipit,tristique,nulla curabitur,nulla curabitur,1058,condimentum suscipit,116399,semper viverra,condimentum suscipit,ultricies,1978-03-08,ultricies,516.1066742196133,tincidunt donec,Territory 1,Territory 10,Territory 2,Territory 3,Territory 4,Territory 5,Territory 6,Territory 7,Territory 8,Territory 9,nulla curabitur,condimentum suscipit,,,,,,,,,,,,,,,,,,,,,,,,,
Star City,USA,K0K,Delaware,Star City,USA,K0K,Delaware,Star City,USA,K0K,Delaware,1019,nulla curabitur,condimentum suscipit,nulla curabitur,2002-10-25,tristique,condimentum suscipit,USA Delaware,USA Delaware,USA Delaware,560.5762471295266,64038,tincidunt donec,nulla curabitur,tincidunt donec,condimentum suscipit,tincidunt donec,1864,condimentum suscipit,62819,tristique,tincidunt donec,lorem ipsum,2015-12-29,condimentum suscipit,78.70931476123044,tristique,Territory 1,Territory 10,Territory 2,Territory 3,Territory 4,Territory 5,Territory 6,Territory 7,Territory 8,Territory 9,lorem ipsum,lorem ipsum,,,,,,,,,,,,,,,,,,,,,,,,,
