account_summary,account,advisor,code,customer_product_summary,customer_summary,customer,event_type,event,financial_asset,household_product_summary,household_summary,household,organization,original1.account_summary,original1.account,original1.advisor,original1.code,original1.customer_product_summary,original1.customer_summary,original1.customer,original1.event_type,original1.event,original1.financial_asset,original1.household_product_summary,original1.household_summary,original1.household,original1.organization,original1.position,original1.product,original1.transaction_trading,position,product,transaction_trading,,,,,,,,,,,,,,,,,,,,,,,,,,
ACCOUNT_ID,ACCOUNT_ID,ADDRESS_HOME_CITY,RANK_ORDER,ACTIVITY_FEES,AGGREGATE_RETAIL_SPEND,ACQUISITION_COST,CATEGORY,CUSTOMER_ID,ALGO_INSTRUMENT_ID,ACTIVITY_FEES,AGGREGATE_RETAIL_SPEND,ACQUISITION_COST,ADDRESS_MAILING_CITY,ACCOUNT_ID,ACCOUNT_ID,ADDRESS_HOME_CITY,RANK_ORDER,ACTIVITY_FEES,AGGREGATE_RETAIL_SPEND,ACQUISITION_COST,CATEGORY,CUSTOMER_ID,ALGO_INSTRUMENT_ID,ACTIVITY_FEES,AGGREGATE_RETAIL_SPEND,ACQUISITION_COST,ADDRESS_MAILING_CITY,ACCOUNT_ID,ALTERNATIVE_NAME,ACCOUNT_ID,ACCOUNT_ID,ALTERNATIVE_NAME,ACCOUNT_ID,,,,,,,,,,,,,,,,,,,,,,,,,,
AMOUNT_OF_ALL_FEES,ACCOUNT_NAME,ADDRESS_HOME_COUNTRY,CODE,AMOUNT_OF_MANAGEMENT_FEES,AMOUNT_OF_MANAGEMENT_FEES,ADDRESS_HOME_CITY,DESCRIPTION,EVENT_DATE,ASSET_NAME,AMOUNT_OF_MANAGEMENT_FEES,AMOUNT_OF_MANAGEMENT_FEES,ADDRESS_HOME_CITY,ADDRESS_MAILING_COUNTRY,AMOUNT_OF_ALL_FEES,ACCOUNT_NAME,ADDRESS_HOME_COUNTRY,CODE,AMOUNT_OF_MANAGEMENT_FEES,AMOUNT_OF_MANAGEMENT_FEES,ADDRESS_HOME_CITY,DESCRIPTION,EVENT_DATE,ASSET_NAME,AMOUNT_OF_MANAGEMENT_FEES,AMOUNT_OF_MANAGEMENT_FEES,ADDRESS_HOME_CITY,ADDRESS_MAILING_COUNTRY,ALGO_INSTRUMENT_ID,BRAND,AMOUNT,ALGO_INSTRUMENT_ID,BRAND,AMOUNT,,,,,,,,,,,,,,,,,,,,,,,,,,
AMOUNT_OF_BUY_TRADES,ACCOUNT_TYPE,ADDRESS_HOME_POSTAL_CODE,CODE_TYPE,ARREARS,ANNUAL_INCOME_OTHER,ADDRESS_HOME_COUNTRY,EFFECTIVE_DATE,EVENT_TYPE_ID,ASSET_TYPE_CODE,ARREARS,ANNUAL_INCOME_OTHER,ADDRESS_HOME_COUNTRY,ADDRESS_MAILING_LINE1,AMOUNT_OF_BUY_TRADES,ACCOUNT_TYPE,ADDRESS_HOME_POSTAL_CODE,CODE_TYPE,ARREARS,ANNUAL_INCOME_OTHER,ADDRESS_HOME_COUNTRY,EFFECTIVE_DATE,EVENT_TYPE_ID,ASSET_TYPE_CODE,ARREARS,ANNUAL_INCOME_OTHER,ADDRESS_HOME_COUNTRY,ADDRESS_MAILING_LINE1,ALGO_PORTFOLIO_ID,CLASS_OF_BUSINESS,CHANNEL_ORGANIZATION_ID,ALGO_PORTFOLIO_ID,CLASS_OF_BUSINESS,CHANNEL_ORGANIZATION_ID,,,,,,,,,,,,,,,,,,,,,,,,,,
AMOUNT_OF_COMMISSION,ACQUISITION_COST_AMOUNT,ADDRESS_HOME_STATE,TRANSLATED_CODE_LABEL,AVERAGE_SENTIMENT_SCORE,ARREARS,ADDRESS_HOME_POSTAL_CODE,EVENT_TYPE_ID,TIMESTAMP,BENCHMARK_ID,AVERAGE_SENTIMENT_SCORE,ARREARS,AGGREGATION_OPT_IN_INDICATOR,ADDRESS_MAILING_LINE2,AMOUNT_OF_COMMISSION,ACQUISITION_COST_AMOUNT,ADDRESS_HOME_STATE,TRANSLATED_CODE_LABEL,AVERAGE_SENTIMENT_SCORE,ARREARS,ADDRESS_HOME_POSTAL_CODE,EVENT_TYPE_ID,TIMESTAMP,BENCHMARK_ID,AVERAGE_SENTIMENT_SCORE,ARREARS,AGGREGATION_OPT_IN_INDICATOR,ADDRESS_MAILING_LINE2,ALGO_POSITION_ID,DESCRIPTION,CHANNEL_PERSON_ID,ALGO_POSITION_ID,DESCRIPTION,CHANNEL_PERSON_ID,,,,,,,,,,,,,,,,,,,,,,,,,,
AMOUNT_OF_DEPOSITS,ACTIVE_INDICATOR,ADDRESS_MAILING_CITY,TRANSLATED_DESCRIPTION,COMMUNICATIONS_AND_IT_EXPENSE,ASSETS,ADDRESS_HOME_STATE,EXTERNAL_ID,UNIQUE_ID_IN_SOURCE_SYSTEM,BENCHMARK_INDICATOR,END_DATE,ASSETS,ANNUAL_INCOME,ADDRESS_MAILING_LINE3,AMOUNT_OF_DEPOSITS,ACTIVE_INDICATOR,ADDRESS_MAILING_CITY,TRANSLATED_DESCRIPTION,COMMUNICATIONS_AND_IT_EXPENSE,ASSETS,ADDRESS_HOME_STATE,EXTERNAL_ID,UNIQUE_ID_IN_SOURCE_SYSTEM,BENCHMARK_INDICATOR,END_DATE,ASSETS,ANNUAL_INCOME,ADDRESS_MAILING_LINE3,BOOK_VALUE,EFFECTIVE_DATE,CURRENCY,BOOK_VALUE,EFFECTIVE_DATE,CURRENCY,,,,,,,,,,,,,,,,,,,,,,,,,,
AMOUNT_OF_FEES_IN_ARREARS,ALGO_PORTFOLIO_ID,ADDRESS_MAILING_COUNTRY,LANGUAGE,CUSTOMER_ID,AVERAGE_SENTIMENT_SCORE,ADDRESS_LAST_CHANGED_DATE,LIFE_EVENT_INDICATOR,,CLOSE_DATE,HOUSEHOLD_ID,AVERAGE_SENTIMENT_SCORE,CREDIT_SCORE_HIGHEST,ADDRESS_MAILING_LINE4,AMOUNT_OF_FEES_IN_ARREARS,ALGO_PORTFOLIO_ID,ADDRESS_MAILING_COUNTRY,LANGUAGE,CUSTOMER_ID,AVERAGE_SENTIMENT_SCORE,ADDRESS_LAST_CHANGED_DATE,LIFE_EVENT_INDICATOR,,CLOSE_DATE,HOUSEHOLD_ID,AVERAGE_SENTIMENT_SCORE,CREDIT_SCORE_HIGHEST,ADDRESS_MAILING_LINE4,CURRENCY,EXTERNAL_REFERENCE,DESCRIPTION,CURRENCY,EXTERNAL_REFERENCE,DESCRIPTION,,,,,,,,,,,,,,,,,,,,,,,,,,
AMOUNT_OF_INTEREST_EARNED,AML_MONITORED_INDICATOR,ADDRESS_MAILING_POSTAL_CODE,EFFECTIVE_DATE,END_DATE,CUSTOMER_ID,ADDRESS_MAILING_CITY,NAME,,COMMON_ASSET_ID,INTEREST_EXPENSE,END_DATE,CREDIT_SCORE_LOWEST,ADDRESS_MAILING_POSTAL_CODE,AMOUNT_OF_INTEREST_EARNED,AML_MONITORED_INDICATOR,ADDRESS_MAILING_POSTAL_CODE,EFFECTIVE_DATE,END_DATE,CUSTOMER_ID,ADDRESS_MAILING_CITY,NAME,,COMMON_ASSET_ID,INTEREST_EXPENSE,END_DATE,CREDIT_SCORE_LOWEST,ADDRESS_MAILING_POSTAL_CODE,EFFECTIVE_DATE,FINANCIAL_PRODUCT_INDICATOR,FEE_AMOUNT,EFFECTIVE_DATE,FINANCIAL_PRODUCT_INDICATOR,FEE_AMOUNT,,,,,,,,,,,,,,,,,,,,,,,,,,
AMOUNT_OF_INTEREST_FEES,BASE_CURRENCY,ADDRESS_MAILING_STATE,,INTEREST_EXPENSE,CUSTOMER_LIFETIME_VALUE,ADDRESS_MAILING_COUNTRY,PROOF_POSITIVE_INDICATOR,,COMMON_ASSET_ID_CODE,INTEREST_INCOME,FINANCIAL_ASSETS,CREDIT_UTILIZATION,ADDRESS_MAILING_STATE,AMOUNT_OF_INTEREST_FEES,BASE_CURRENCY,ADDRESS_MAILING_STATE,,INTEREST_EXPENSE,CUSTOMER_LIFETIME_VALUE,ADDRESS_MAILING_COUNTRY,PROOF_POSITIVE_INDICATOR,,COMMON_ASSET_ID_CODE,INTEREST_INCOME,FINANCIAL_ASSETS,CREDIT_UTILIZATION,ADDRESS_MAILING_STATE,FINANCIAL_ASSET_ID,INITIAL_OFFER_DATE,QUANTITY_UNITS,FINANCIAL_ASSET_ID,INITIAL_OFFER_DATE,QUANTITY_UNITS,,,,,,,,,,,,,,,,,,,,,,,,,,
AMOUNT_OF_MARKET_CHANGE,CLOSE_DATE,ADDRESS_WORK_CITY,,INTEREST_INCOME,END_DATE,ADDRESS_MAILING_POSTAL_CODE,PROOF_POSITIVE_OF_EVENT,,DESCRIPTION,LAST_HOUSEHOLD_REPLIED_TO_OFFER_INDICATOR,FUNDS_UNDER_MANAGEMENT,DATE_FIRST_ACCOUNT_OPENED,ADDRESS_WORK_CITY,AMOUNT_OF_MARKET_CHANGE,CLOSE_DATE,ADDRESS_WORK_CITY,,INTEREST_INCOME,END_DATE,ADDRESS_MAILING_POSTAL_CODE,PROOF_POSITIVE_OF_EVENT,,DESCRIPTION,LAST_HOUSEHOLD_REPLIED_TO_OFFER_INDICATOR,FUNDS_UNDER_MANAGEMENT,DATE_FIRST_ACCOUNT_OPENED,ADDRESS_WORK_CITY,MARKET_VALUE,LINE_OF_BUSINESS,TRANSACTION_DATE,MARKET_VALUE,LINE_OF_BUSINESS,TRANSACTION_DATE,,,,,,,,,,,,,,,,,,,,,,,,,,
AMOUNT_OF_SELL_TRADES,DORMANT_INDICATOR,ADDRESS_WORK_COUNTRY,,LAST_CUSTOMER_REPLIED_TO_OFFER_INDICATOR,EXPERIENCE_NUMBER_OF_PERIODS,ADDRESS_MAILING_STATE,SOURCE,,EFFECTIVE_DATE,LAST_HOUSEHOLD_REPLY_TIME,HOUSEHOLD_ID,DATE_LAST_ACCOUNT_OPENED,ADDRESS_WORK_COUNTRY,AMOUNT_OF_SELL_TRADES,DORMANT_INDICATOR,ADDRESS_WORK_COUNTRY,,LAST_CUSTOMER_REPLIED_TO_OFFER_INDICATOR,EXPERIENCE_NUMBER_OF_PERIODS,ADDRESS_MAILING_STATE,SOURCE,,EFFECTIVE_DATE,LAST_HOUSEHOLD_REPLY_TIME,HOUSEHOLD_ID,DATE_LAST_ACCOUNT_OPENED,ADDRESS_WORK_COUNTRY,OPEN_POSITION_INDICATOR,MARKET_VALUE_ADJUSTMENT_INDICATOR,TRANSACTION_ID,OPEN_POSITION_INDICATOR,MARKET_VALUE_ADJUSTMENT_INDICATOR,TRANSACTION_ID,,,,,,,,,,,,,,,,,,,,,,,,,,
AMOUNT_OF_TRANSACTION_FEES,EFFECTIVE_DATE,ADDRESS_WORK_POSTAL_CODE,,LAST_CUSTOMER_REPLY_TIME,EXPERIENCE_RATING,ADDRESS_WORK_CITY,SUNSET_DATE,,EXCHANGE_NAME,LAST_INBOUND_COMMUNICATION_DATE,HOUSEHOLD_LIFETIME_VALUE,DEBT_SERVICE_COVERAGE_RATIO,ADDRESS_WORK_LINE1,AMOUNT_OF_TRANSACTION_FEES,EFFECTIVE_DATE,ADDRESS_WORK_POSTAL_CODE,,LAST_CUSTOMER_REPLY_TIME,EXPERIENCE_RATING,ADDRESS_WORK_CITY,SUNSET_DATE,,EXCHANGE_NAME,LAST_INBOUND_COMMUNICATION_DATE,HOUSEHOLD_LIFETIME_VALUE,DEBT_SERVICE_COVERAGE_RATIO,ADDRESS_WORK_LINE1,POSITION_ID,MARKETABLE_PRODUCT_INDICATOR,TRANSACTION_TYPE_CODE,POSITION_ID,MARKETABLE_PRODUCT_INDICATOR,TRANSACTION_TYPE_CODE,,,,,,,,,,,,,,,,,,,,,,,,,,
AMOUNT_OF_WAIVED_FEES,INVESTMENT_OBJECTIVE,ADDRESS_WORK_STATE,,LAST_INBOUND_COMMUNICATION_DATE,FINANCIAL_ASSETS,ADDRESS_WORK_COUNTRY,SUNSET_INDICATOR,,FINANCIAL_ASSET_ID,LAST_INBOUND_COMMUNICATION_ID,LATEST_SENTIMENT_SCORE,EFFECTIVE_DATE,ADDRESS_WORK_LINE2,AMOUNT_OF_WAIVED_FEES,INVESTMENT_OBJECTIVE,ADDRESS_WORK_STATE,,LAST_INBOUND_COMMUNICATION_DATE,FINANCIAL_ASSETS,ADDRESS_WORK_COUNTRY,SUNSET_INDICATOR,,FINANCIAL_ASSET_ID,LAST_INBOUND_COMMUNICATION_ID,LATEST_SENTIMENT_SCORE,EFFECTIVE_DATE,ADDRESS_WORK_LINE2,POSITION_SIZE,NAME,,POSITION_SIZE,NAME,,,,,,,,,,,,,,,,,,,,,,,,,,,
AMOUNT_OF_WITHDRAWALS,LIFE_CYCLE_STATUS,ADVISOR_ID,,LAST_INBOUND_COMMUNICATION_ID,FUNDS_UNDER_MANAGEMENT,ADDRESS_WORK_POSTAL_CODE,,,FIRST_AVAILABLE_DATE,LAST_OUTBOUND_COMMUNICATION_DATE,LIABILITIES,GEOGRAPHIC_AREA_HOME,ADDRESS_WORK_LINE3,AMOUNT_OF_WITHDRAWALS,LIFE_CYCLE_STATUS,ADVISOR_ID,,LAST_INBOUND_COMMUNICATION_ID,FUNDS_UNDER_MANAGEMENT,ADDRESS_WORK_POSTAL_CODE,,,FIRST_AVAILABLE_DATE,LAST_OUTBOUND_COMMUNICATION_DATE,LIABILITIES,GEOGRAPHIC_AREA_HOME,ADDRESS_WORK_LINE3,SHORT_POSITION_INDICATOR,PRODUCT_GROUP,,SHORT_POSITION_INDICATOR,PRODUCT_GROUP,,,,,,,,,,,,,,,,,,,,,,,,,,,
CLOSING_BALANCE,LOCATION_ID,AGE_RANGE,,LAST_OUTBOUND_COMMUNICATION_DATE,LATEST_SENTIMENT_SCORE,ADDRESS_WORK_STATE,,,ISSUER_ID,LAST_OUTBOUND_COMMUNICATION_ID,LIQUID_NET_WORTH,HOME_OWNER_INDICATOR,ADDRESS_WORK_LINE4,CLOSING_BALANCE,LOCATION_ID,AGE_RANGE,,LAST_OUTBOUND_COMMUNICATION_DATE,LATEST_SENTIMENT_SCORE,ADDRESS_WORK_STATE,,,ISSUER_ID,LAST_OUTBOUND_COMMUNICATION_ID,LIQUID_NET_WORTH,HOME_OWNER_INDICATOR,ADDRESS_WORK_LINE4,VALUATION_DATE,PRODUCT_ID,,VALUATION_DATE,PRODUCT_ID,,,,,,,,,,,,,,,,,,,,,,,,,,,
CLOSING_CASH_BALANCE,OPEN_DATE,EDUCATION_LEVEL,,LAST_OUTBOUND_COMMUNICATION_ID,LIABILITIES,ADVERTISING_INDICATOR,,,OTC_INDICATOR,LAST_PRODUCT_OFFER_CAMPAIGN,LOG_INS_MARKET_DOWNTURN,HOUSEHOLD_BEHAVIOR,ADDRESS_WORK_POSTAL_CODE,CLOSING_CASH_BALANCE,OPEN_DATE,EDUCATION_LEVEL,,LAST_OUTBOUND_COMMUNICATION_ID,LIABILITIES,ADVERTISING_INDICATOR,,,OTC_INDICATOR,LAST_PRODUCT_OFFER_CAMPAIGN,LOG_INS_MARKET_DOWNTURN,HOUSEHOLD_BEHAVIOR,ADDRESS_WORK_POSTAL_CODE,,PRODUCT_LEVEL,,,PRODUCT_LEVEL,,,,,,,,,,,,,,,,,,,,,,,,,,,
END_DATE,ORIGINATING_CHANNEL_ORGANIZATION_ID,EDUCATION_SUPPORT,,LAST_PRODUCT_OFFER_CAMPAIGN,LIQUID_NET_WORTH,AGE_RANGE,,,,LAST_PRODUCT_OFFER_DATE,LOG_INS_MARKET_UPTURN,HOUSEHOLD_ID,ADDRESS_WORK_STATE,END_DATE,ORIGINATING_CHANNEL_ORGANIZATION_ID,EDUCATION_SUPPORT,,LAST_PRODUCT_OFFER_CAMPAIGN,LIQUID_NET_WORTH,AGE_RANGE,,,,LAST_PRODUCT_OFFER_DATE,LOG_INS_MARKET_UPTURN,HOUSEHOLD_ID,ADDRESS_WORK_STATE,,SERVICE_INDICATOR,,,SERVICE_INDICATOR,,,,,,,,,,,,,,,,,,,,,,,,,,,
NUMBER_OF_ALL_FEES,ORIGINATING_CHANNEL_PERSON_ID,EFFECTIVE_DATE,,LAST_PRODUCT_OFFER_DATE,LOG_INS_MARKET_DOWNTURN,AGGREGATION_OPT_IN_INDICATOR,,,,LATEST_SENTIMENT_SCORE,NON_FINANCIAL_ASSETS,HOUSEHOLD_SIZE,AVERAGE_NET_TERMINATION,NUMBER_OF_ALL_FEES,ORIGINATING_CHANNEL_PERSON_ID,EFFECTIVE_DATE,,LAST_PRODUCT_OFFER_DATE,LOG_INS_MARKET_DOWNTURN,AGGREGATION_OPT_IN_INDICATOR,,,,LATEST_SENTIMENT_SCORE,NON_FINANCIAL_ASSETS,HOUSEHOLD_SIZE,AVERAGE_NET_TERMINATION,,STATUS,,,STATUS,,,,,,,,,,,,,,,,,,,,,,,,,,,
NUMBER_OF_BUY_TRADES,PRIMARY_CUSTOMER_ID,EMPLOYMENT_STATUS,,LATEST_SENTIMENT_SCORE,LOG_INS_MARKET_UPTURN,ANNUAL_INCOME,,,,LIFETIME_VALUE,NUMBER_OF_30_DAY_DELINQUENCIES,IMPORTANCE_LEVEL_CODE,BLOG_NAME,NUMBER_OF_BUY_TRADES,PRIMARY_CUSTOMER_ID,EMPLOYMENT_STATUS,,LATEST_SENTIMENT_SCORE,LOG_INS_MARKET_UPTURN,ANNUAL_INCOME,,,,LIFETIME_VALUE,NUMBER_OF_30_DAY_DELINQUENCIES,IMPORTANCE_LEVEL_CODE,BLOG_NAME,,STATUS_DATE,,,STATUS_DATE,,,,,,,,,,,,,,,,,,,,,,,,,,,
NUMBER_OF_DEPOSITS,PRODUCT_ID,EXTERNAL_REFERENCE,,LIFETIME_VALUE,NON_FINANCIAL_ASSETS,ATTACHMENT_ALLOWED_INDICATOR,,,,MANAGEMENT_FEES,NUMBER_OF_ACCOUNTS,INFLUENCE_SCORE,DESCRIPTION,NUMBER_OF_DEPOSITS,PRODUCT_ID,EXTERNAL_REFERENCE,,LIFETIME_VALUE,NON_FINANCIAL_ASSETS,ATTACHMENT_ALLOWED_INDICATOR,,,,MANAGEMENT_FEES,NUMBER_OF_ACCOUNTS,INFLUENCE_SCORE,DESCRIPTION,,STATUS_REASON,,,STATUS_REASON,,,,,,,,,,,,,,,,,,,,,,,,,,,
NUMBER_OF_SELL_TRADES,RISK_TOLERANCE,GEOGRAPHIC_AREA_HOME,,LIQUID_NET_WORTH,NUMBER_OF_30_DAY_DELINQUENCIES,BIRTH_YEAR,,,,NUMBER_OF_ACCOUNTS,NUMBER_OF_ACTIVE_ACCOUNTS,INTERNET_BANKING_INDICATOR,EDUCATION_SUPPORT,NUMBER_OF_SELL_TRADES,RISK_TOLERANCE,GEOGRAPHIC_AREA_HOME,,LIQUID_NET_WORTH,NUMBER_OF_30_DAY_DELINQUENCIES,BIRTH_YEAR,,,,NUMBER_OF_ACCOUNTS,NUMBER_OF_ACTIVE_ACCOUNTS,INTERNET_BANKING_INDICATOR,EDUCATION_SUPPORT,,SUNSET_DATE,,,SUNSET_DATE,,,,,,,,,,,,,,,,,,,,,,,,,,,
NUMBER_OF_UNITS_BOUGHT,SECONDARY_CUSTOMER_ID,GEOGRAPHIC_AREA_MAILING,,MANAGEMENT_FEES,NUMBER_OF_ACCOUNTS,CONTACT_PREFERENCE,,,,NUMBER_OF_ACTIVE_ACCOUNTS,NUMBER_OF_CALLS,LOYALTY_RATING_CODE,EFFECTIVE_DATE,NUMBER_OF_UNITS_BOUGHT,SECONDARY_CUSTOMER_ID,GEOGRAPHIC_AREA_MAILING,,MANAGEMENT_FEES,NUMBER_OF_ACCOUNTS,CONTACT_PREFERENCE,,,,NUMBER_OF_ACTIVE_ACCOUNTS,NUMBER_OF_CALLS,LOYALTY_RATING_CODE,EFFECTIVE_DATE,,TAX_ADVANTAGE_INDICATOR,,,TAX_ADVANTAGE_INDICATOR,,,,,,,,,,,,,,,,,,,,,,,,,,,
NUMBER_OF_UNITS_SOLD,SERVICE_CHANNEL_ORGANIZATION_ID,GEOGRAPHIC_AREA_WORK,,NUMBER_OF_ACCOUNTS,NUMBER_OF_ACTIVE_ACCOUNTS,CREDIT_AUTHORITY_LEVEL,,,,NUMBER_OF_CALLS,NUMBER_OF_COMMUNICATIONS,MARKET_GROUP,EMAIL_OTHER,NUMBER_OF_UNITS_SOLD,SERVICE_CHANNEL_ORGANIZATION_ID,GEOGRAPHIC_AREA_WORK,,NUMBER_OF_ACCOUNTS,NUMBER_OF_ACTIVE_ACCOUNTS,CREDIT_AUTHORITY_LEVEL,,,,NUMBER_OF_CALLS,NUMBER_OF_COMMUNICATIONS,MARKET_GROUP,EMAIL_OTHER,,THIRD_PARTY_PRODUCT_INDICATOR,,,THIRD_PARTY_PRODUCT_INDICATOR,,,,,,,,,,,,,,,,,,,,,,,,,,,
NUMBER_OF_WITHDRAWALS,SERVICE_CHANNEL_PERSON_ID,GROSS_INCOME,,NUMBER_OF_ACTIVE_ACCOUNTS,NUMBER_OF_CALLS,CREDIT_SCORE,,,,NUMBER_OF_COMMUNICATIONS,NUMBER_OF_COMPLAINTS,METRIC_BEHAVIOR_PROFILE,EMAIL_WORK,NUMBER_OF_WITHDRAWALS,SERVICE_CHANNEL_PERSON_ID,GROSS_INCOME,,NUMBER_OF_ACTIVE_ACCOUNTS,NUMBER_OF_CALLS,CREDIT_SCORE,,,,NUMBER_OF_COMMUNICATIONS,NUMBER_OF_COMPLAINTS,METRIC_BEHAVIOR_PROFILE,EMAIL_WORK,,,,,,,,,,,,,,,,,,,,,,,,,,,,,,,,
OPENING_BALANCE,TAX_ADVANTAGE_INDICATOR,IMAGE_ID,,NUMBER_OF_CALLS,NUMBER_OF_COMMUNICATIONS,CREDIT_UTILIZATION,,,,NUMBER_OF_COMPLAINTS,NUMBER_OF_CREDIT_BUREAU_INQUIRIES,METRIC_BEHAVIOR_PROFILE_2,FACEBOOK_NAME,OPENING_BALANCE,TAX_ADVANTAGE_INDICATOR,IMAGE_ID,,NUMBER_OF_CALLS,NUMBER_OF_COMMUNICATIONS,CREDIT_UTILIZATION,,,,NUMBER_OF_COMPLAINTS,NUMBER_OF_CREDIT_BUREAU_INQUIRIES,METRIC_BEHAVIOR_PROFILE_2,FACEBOOK_NAME,,,,,,,,,,,,,,,,,,,,,,,,,,,,,,,,
OPENING_CASH_BALANCE,USER_DEFINED_BOOLEAN_1,INDEPENDENCE_CATEGORY,,NUMBER_OF_COMMUNICATIONS,NUMBER_OF_COMPLAINTS,CURRENT_EMPLOYMENT_START_DATE,,,,NUMBER_OF_EMAILS,NUMBER_OF_DORMANT_CREDIT_CARD_ARRANGEMENTS,METRIC_BEHAVIOR_PROFILE_3,FULL_NAME,OPENING_CASH_BALANCE,USER_DEFINED_BOOLEAN_1,INDEPENDENCE_CATEGORY,,NUMBER_OF_COMMUNICATIONS,NUMBER_OF_COMPLAINTS,CURRENT_EMPLOYMENT_START_DATE,,,,NUMBER_OF_EMAILS,NUMBER_OF_DORMANT_CREDIT_CARD_ARRANGEMENTS,METRIC_BEHAVIOR_PROFILE_3,FULL_NAME,,,,,,,,,,,,,,,,,,,,,,,,,,,,,,,,
RETURN_10Y,USER_DEFINED_BOOLEAN_2,INFRASTRUCTURE_SUPPORT,,NUMBER_OF_COMPLAINTS,NUMBER_OF_CREDIT_BUREAU_INQUIRIES,CUSTOMER_BEHAVIOR,,,,NUMBER_OF_NEW_ACCOUNTS_OPENED,NUMBER_OF_EMAILS,METRIC_BEHAVIOR_PROFILE_4,GEOGRAPHIC_AREA_MAILING,RETURN_10Y,USER_DEFINED_BOOLEAN_2,INFRASTRUCTURE_SUPPORT,,NUMBER_OF_COMPLAINTS,NUMBER_OF_CREDIT_BUREAU_INQUIRIES,CUSTOMER_BEHAVIOR,,,,NUMBER_OF_NEW_ACCOUNTS_OPENED,NUMBER_OF_EMAILS,METRIC_BEHAVIOR_PROFILE_4,GEOGRAPHIC_AREA_MAILING,,,,,,,,,,,,,,,,,,,,,,,,,,,,,,,,
RETURN_1Y,USER_DEFINED_BOOLEAN_3,JOB_DESCRIPTION,,NUMBER_OF_EMAILS,NUMBER_OF_DORMANT_CREDIT_CARD_ARRANGEMENTS,CUSTOMER_ID,,,,NUMBER_OF_OPEN_COMPLAINTS,NUMBER_OF_HARD_INQUIRIES,METRIC_BEHAVIOR_PROFILE_5,GEOGRAPHIC_AREA_WORK,RETURN_1Y,USER_DEFINED_BOOLEAN_3,JOB_DESCRIPTION,,NUMBER_OF_EMAILS,NUMBER_OF_DORMANT_CREDIT_CARD_ARRANGEMENTS,CUSTOMER_ID,,,,NUMBER_OF_OPEN_COMPLAINTS,NUMBER_OF_HARD_INQUIRIES,METRIC_BEHAVIOR_PROFILE_5,GEOGRAPHIC_AREA_WORK,,,,,,,,,,,,,,,,,,,,,,,,,,,,,,,,
RETURN_2Y,USER_DEFINED_BOOLEAN_4,LEVEL,,NUMBER_OF_NEW_ACCOUNTS_OPENED,NUMBER_OF_EMAILS,DATE_FIRST_ACCOUNT_OPENED,,,,NUMBER_OF_TRADING_PERIODS,NUMBER_OF_LOGINS,METRIC_COMMUNICATION_STYLE,INDEPENDENCE_CATEGORY_CODE,RETURN_2Y,USER_DEFINED_BOOLEAN_4,LEVEL,,NUMBER_OF_NEW_ACCOUNTS_OPENED,NUMBER_OF_EMAILS,DATE_FIRST_ACCOUNT_OPENED,,,,NUMBER_OF_TRADING_PERIODS,NUMBER_OF_LOGINS,METRIC_COMMUNICATION_STYLE,INDEPENDENCE_CATEGORY_CODE,,,,,,,,,,,,,,,,,,,,,,,,,,,,,,,,
RETURN_3Y,USER_DEFINED_BOOLEAN_5,MARKETING_SUPPORT,,NUMBER_OF_OPEN_COMPLAINTS,NUMBER_OF_HARD_INQUIRIES,DATE_LAST_ACCOUNT_OPENED,,,,NUMBER_OF_TRANSACTIONS,NUMBER_OF_MOBILE_LOGINS,METRIC_FINANCIAL_KNOWLEDGE_RATING,INFRASTRUCTURE_SUPPORT,RETURN_3Y,USER_DEFINED_BOOLEAN_5,MARKETING_SUPPORT,,NUMBER_OF_OPEN_COMPLAINTS,NUMBER_OF_HARD_INQUIRIES,DATE_LAST_ACCOUNT_OPENED,,,,NUMBER_OF_TRANSACTIONS,NUMBER_OF_MOBILE_LOGINS,METRIC_FINANCIAL_KNOWLEDGE_RATING,INFRASTRUCTURE_SUPPORT,,,,,,,,,,,,,,,,,,,,,,,,,,,,,,,,
RETURN_5Y,USER_DEFINED_DATE_1,ORGANIZATION_ID,,NUMBER_OF_RECOMMENDATIONS,NUMBER_OF_LOGINS,DEATH_YEAR,,,,OTHER_NON_INTEREST_EXPENSE,NUMBER_OF_NEW_ACCOUNTS_OPENED,METRIC_LATEST_TONE,LINKED_IN_NAME,RETURN_5Y,USER_DEFINED_DATE_1,ORGANIZATION_ID,,NUMBER_OF_RECOMMENDATIONS,NUMBER_OF_LOGINS,DEATH_YEAR,,,,OTHER_NON_INTEREST_EXPENSE,NUMBER_OF_NEW_ACCOUNTS_OPENED,METRIC_LATEST_TONE,LINKED_IN_NAME,,,,,,,,,,,,,,,,,,,,,,,,,,,,,,,,
RETURN_LAST_QUARTER,USER_DEFINED_DATE_2,PRIME_ROLE,,NUMBER_OF_TRADING_PERIODS,NUMBER_OF_MOBILE_LOGINS,DEBT_SERVICE_COVERAGE_RATIO,,,,OTHER_NON_INTEREST_INCOME,NUMBER_OF_OPEN_COMPLAINTS,METRIC_NET_PROMOTER_SCORE,MARKETING_SUPPORT,RETURN_LAST_QUARTER,USER_DEFINED_DATE_2,PRIME_ROLE,,NUMBER_OF_TRADING_PERIODS,NUMBER_OF_MOBILE_LOGINS,DEBT_SERVICE_COVERAGE_RATIO,,,,OTHER_NON_INTEREST_INCOME,NUMBER_OF_OPEN_COMPLAINTS,METRIC_NET_PROMOTER_SCORE,MARKETING_SUPPORT,,,,,,,,,,,,,,,,,,,,,,,,,,,,,,,,
RETURN_SINCE_INCEPTION,USER_DEFINED_DATE_3,PROSPECTS_QUOTA,,NUMBER_OF_TRANSACTIONS,NUMBER_OF_NEW_ACCOUNTS_OPENED,EDUCATION_LEVEL,,,,PRODUCT_ID,NUMBER_OF_POSTS,METRIC_PERSONALITY_TYPE,NUMBER_OF_EMPLOYEES,RETURN_SINCE_INCEPTION,USER_DEFINED_DATE_3,PROSPECTS_QUOTA,,NUMBER_OF_TRANSACTIONS,NUMBER_OF_NEW_ACCOUNTS_OPENED,EDUCATION_LEVEL,,,,PRODUCT_ID,NUMBER_OF_POSTS,METRIC_PERSONALITY_TYPE,NUMBER_OF_EMPLOYEES,,,,,,,,,,,,,,,,,,,,,,,,,,,,,,,,
RETURN_YTD,USER_DEFINED_DATE_4,SALARY_GRADE,,OTHER_NON_INTEREST_EXPENSE,NUMBER_OF_OPEN_COMPLAINTS,EFFECTIVE_DATE,,,,PRODUCT_OFFERED_INDICATOR,NUMBER_OF_RECOMMENDATIONS,METRIC_SATISFACTION_LEVEL,ORGANIZATION_ID,RETURN_YTD,USER_DEFINED_DATE_4,SALARY_GRADE,,OTHER_NON_INTEREST_EXPENSE,NUMBER_OF_OPEN_COMPLAINTS,EFFECTIVE_DATE,,,,PRODUCT_OFFERED_INDICATOR,NUMBER_OF_RECOMMENDATIONS,METRIC_SATISFACTION_LEVEL,ORGANIZATION_ID,,,,,,,,,,,,,,,,,,,,,,,,,,,,,,,,
START_DATE,USER_DEFINED_DATE_5,SKILL_LEVEL,,OTHER_NON_INTEREST_INCOME,NUMBER_OF_POSTS,EMPLOYMENT_STATUS,,,,PRODUCT_OWNED_INDICATOR,NUMBER_OF_REPORTED_CREDIT_CHECKS,METRIC_STRENGTH_OF_RELATIONSHIP,PHONE_DAYTIME,START_DATE,USER_DEFINED_DATE_5,SKILL_LEVEL,,OTHER_NON_INTEREST_INCOME,NUMBER_OF_POSTS,EMPLOYMENT_STATUS,,,,PRODUCT_OWNED_INDICATOR,NUMBER_OF_REPORTED_CREDIT_CHECKS,METRIC_STRENGTH_OF_RELATIONSHIP,PHONE_DAYTIME,,,,,,,,,,,,,,,,,,,,,,,,,,,,,,,,
USER_DEFINED_BOOLEAN_1,USER_DEFINED_INTEGER_1,STATUS,,PRODUCT_ID,NUMBER_OF_RECOMMENDATIONS,FAMILY_SIZE,,,,SENTIMENT_SCORE,NUMBER_OF_REPORTED_MAIL_STOLEN_INCIDENTS,METRIC_TECH_SAVY,PHONE_PRIMARY,USER_DEFINED_BOOLEAN_1,USER_DEFINED_INTEGER_1,STATUS,,PRODUCT_ID,NUMBER_OF_RECOMMENDATIONS,FAMILY_SIZE,,,,SENTIMENT_SCORE,NUMBER_OF_REPORTED_MAIL_STOLEN_INCIDENTS,METRIC_TECH_SAVY,PHONE_PRIMARY,,,,,,,,,,,,,,,,,,,,,,,,,,,,,,,,
USER_DEFINED_BOOLEAN_2,USER_DEFINED_INTEGER_2,STATUS_DATE,,PRODUCT_OFFERED_INDICATOR,NUMBER_OF_REPORTED_CREDIT_CHECKS,GENDER,,,,START_DATE,NUMBER_OF_SOFT_INQUIRIES,MONTHLY_HOUSING_COST,PHONE_WORK,USER_DEFINED_BOOLEAN_2,USER_DEFINED_INTEGER_2,STATUS_DATE,,PRODUCT_OFFERED_INDICATOR,NUMBER_OF_REPORTED_CREDIT_CHECKS,GENDER,,,,START_DATE,NUMBER_OF_SOFT_INQUIRIES,MONTHLY_HOUSING_COST,PHONE_WORK,,,,,,,,,,,,,,,,,,,,,,,,,,,,,,,,
USER_DEFINED_BOOLEAN_3,USER_DEFINED_INTEGER_3,STATUS_REASON,,PRODUCT_OWNED_INDICATOR,NUMBER_OF_REPORTED_MAIL_STOLEN_INCIDENTS,GEOGRAPHIC_AREA_HOME,,,,STATUS,NUMBER_OF_TRADING_PERIODS,MONTHLY_NET_INCOME,PRIORITY_LEVEL,USER_DEFINED_BOOLEAN_3,USER_DEFINED_INTEGER_3,STATUS_REASON,,PRODUCT_OWNED_INDICATOR,NUMBER_OF_REPORTED_MAIL_STOLEN_INCIDENTS,GEOGRAPHIC_AREA_HOME,,,,STATUS,NUMBER_OF_TRADING_PERIODS,MONTHLY_NET_INCOME,PRIORITY_LEVEL,,,,,,,,,,,,,,,,,,,,,,,,,,,,,,,,
USER_DEFINED_BOOLEAN_4,USER_DEFINED_INTEGER_4,TENURE_CARRIER,,SENTIMENT_SCORE,NUMBER_OF_SOFT_INQUIRIES,GEOGRAPHIC_AREA_MAILING,,,,STATUS_DATE,NUMBER_OF_TRANSACTIONS,NUMBER_OF_DEPENDENT_ADULTS,PROSPECTS_QUOTA,USER_DEFINED_BOOLEAN_4,USER_DEFINED_INTEGER_4,TENURE_CARRIER,,SENTIMENT_SCORE,NUMBER_OF_SOFT_INQUIRIES,GEOGRAPHIC_AREA_MAILING,,,,STATUS_DATE,NUMBER_OF_TRANSACTIONS,NUMBER_OF_DEPENDENT_ADULTS,PROSPECTS_QUOTA,,,,,,,,,,,,,,,,,,,,,,,,,,,,,,,,
USER_DEFINED_BOOLEAN_5,USER_DEFINED_INTEGER_5,TENURE_INDUSTRY,,START_DATE,NUMBER_OF_TRADING_PERIODS,GEOGRAPHIC_AREA_WORK,,,,STATUS_REASON,PRIORITY,NUMBER_OF_DEPENDENT_CHILDREN,REDDIT_NAME,USER_DEFINED_BOOLEAN_5,USER_DEFINED_INTEGER_5,TENURE_INDUSTRY,,START_DATE,NUMBER_OF_TRADING_PERIODS,GEOGRAPHIC_AREA_WORK,,,,STATUS_REASON,PRIORITY,NUMBER_OF_DEPENDENT_CHILDREN,REDDIT_NAME,,,,,,,,,,,,,,,,,,,,,,,,,,,,,,,,
USER_DEFINED_DATE_1,USER_DEFINED_NUMERIC_1,TERRITORY_1,,STATUS,NUMBER_OF_TRANSACTIONS,HEAD_OF_HOUSEHOLD_INDICATOR,,,,TOTAL_AMOUNT_OF_ALL_FEES,REAL_PROPERTY_ASSETS,OLDEST_DEPENDENT_ADULT_BIRTH_YEAR,SKYPE_NAME,USER_DEFINED_DATE_1,USER_DEFINED_NUMERIC_1,TERRITORY_1,,STATUS,NUMBER_OF_TRANSACTIONS,HEAD_OF_HOUSEHOLD_INDICATOR,,,,TOTAL_AMOUNT_OF_ALL_FEES,REAL_PROPERTY_ASSETS,OLDEST_DEPENDENT_ADULT_BIRTH_YEAR,SKYPE_NAME,,,,,,,,,,,,,,,,,,,,,,,,,,,,,,,,
USER_DEFINED_DATE_2,USER_DEFINED_NUMERIC_2,TERRITORY_10,,STATUS_DATE,PRIORITY,HOME_OWNER_INDICATOR,,,,TOTAL_AMOUNT_OF_BUY_TRADES,RETURN_10Y,OLDEST_DEPENDENT_CHILD_BIRTH_YEAR,SOCIAL1_NAME,USER_DEFINED_DATE_2,USER_DEFINED_NUMERIC_2,TERRITORY_10,,STATUS_DATE,PRIORITY,HOME_OWNER_INDICATOR,,,,TOTAL_AMOUNT_OF_BUY_TRADES,RETURN_10Y,OLDEST_DEPENDENT_CHILD_BIRTH_YEAR,SOCIAL1_NAME,,,,,,,,,,,,,,,,,,,,,,,,,,,,,,,,
USER_DEFINED_DATE_3,USER_DEFINED_NUMERIC_3,TERRITORY_2,,STATUS_REASON,REAL_PROPERTY_ASSETS,HOUSEHOLD_ID,,,,TOTAL_AMOUNT_OF_COMMISSION,RETURN_1Y,OLDEST_MEMBER_BIRTH_YEAR,SOCIAL2_NAME,USER_DEFINED_DATE_3,USER_DEFINED_NUMERIC_3,TERRITORY_2,,STATUS_REASON,REAL_PROPERTY_ASSETS,HOUSEHOLD_ID,,,,TOTAL_AMOUNT_OF_COMMISSION,RETURN_1Y,OLDEST_MEMBER_BIRTH_YEAR,SOCIAL2_NAME,,,,,,,,,,,,,,,,,,,,,,,,,,,,,,,,
USER_DEFINED_DATE_4,USER_DEFINED_NUMERIC_4,TERRITORY_3,,TOTAL_AMOUNT_OF_ALL_FEES,RETURN_10Y,IMPORTANCE_LEVEL_CODE,,,,TOTAL_AMOUNT_OF_DEPOSITS,RETURN_2Y,PREFERRED_COMMUNICATION_FORM,SOCIAL3_NAME,USER_DEFINED_DATE_4,USER_DEFINED_NUMERIC_4,TERRITORY_3,,TOTAL_AMOUNT_OF_ALL_FEES,RETURN_10Y,IMPORTANCE_LEVEL_CODE,,,,TOTAL_AMOUNT_OF_DEPOSITS,RETURN_2Y,PREFERRED_COMMUNICATION_FORM,SOCIAL3_NAME,,,,,,,,,,,,,,,,,,,,,,,,,,,,,,,,
USER_DEFINED_DATE_5,USER_DEFINED_NUMERIC_5,TERRITORY_4,,TOTAL_AMOUNT_OF_BUY_TRADES,RETURN_1Y,INFLUENCE_SCORE,,,,TOTAL_AMOUNT_OF_INTEREST_EARNED,RETURN_3Y,PRIMARY_ADVISOR_ID,SOCIAL4_NAME,USER_DEFINED_DATE_5,USER_DEFINED_NUMERIC_5,TERRITORY_4,,TOTAL_AMOUNT_OF_BUY_TRADES,RETURN_1Y,INFLUENCE_SCORE,,,,TOTAL_AMOUNT_OF_INTEREST_EARNED,RETURN_3Y,PRIMARY_ADVISOR_ID,SOCIAL4_NAME,,,,,,,,,,,,,,,,,,,,,,,,,,,,,,,,
USER_DEFINED_INTEGER_1,USER_DEFINED_STRING_1,TERRITORY_5,,TOTAL_AMOUNT_OF_COMMISSION,RETURN_2Y,INTERNET_BANKING_INDICATOR,,,,TOTAL_AMOUNT_OF_INTEREST_FEES,RETURN_5Y,PRIMARY_ADVISOR_ORGANIZATION_ID,SOCIAL5_NAME,USER_DEFINED_INTEGER_1,USER_DEFINED_STRING_1,TERRITORY_5,,TOTAL_AMOUNT_OF_COMMISSION,RETURN_2Y,INTERNET_BANKING_INDICATOR,,,,TOTAL_AMOUNT_OF_INTEREST_FEES,RETURN_5Y,PRIMARY_ADVISOR_ORGANIZATION_ID,SOCIAL5_NAME,,,,,,,,,,,,,,,,,,,,,,,,,,,,,,,,
USER_DEFINED_INTEGER_2,USER_DEFINED_STRING_2,TERRITORY_6,,TOTAL_AMOUNT_OF_DEPOSITS,RETURN_3Y,LIFE_CYCLE_STATUS_CHANGE_REASON,,,,TOTAL_AMOUNT_OF_MARKET_CHANGE,RETURN_LAST_QUARTER,PRIMARY_BRANCH_PROXIMITY,STATUS,USER_DEFINED_INTEGER_2,USER_DEFINED_STRING_2,TERRITORY_6,,TOTAL_AMOUNT_OF_DEPOSITS,RETURN_3Y,LIFE_CYCLE_STATUS_CHANGE_REASON,,,,TOTAL_AMOUNT_OF_MARKET_CHANGE,RETURN_LAST_QUARTER,PRIMARY_BRANCH_PROXIMITY,STATUS,,,,,,,,,,,,,,,,,,,,,,,,,,,,,,,,
USER_DEFINED_INTEGER_3,USER_DEFINED_STRING_3,TERRITORY_7,,TOTAL_AMOUNT_OF_INTEREST_EARNED,RETURN_5Y,LIFE_CYCLE_STATUS_CODE,,,,TOTAL_AMOUNT_OF_SELL_TRADES,RETURN_SINCE_INCEPTION,PRIMARY_CUSTOMER_BIRTH_YEAR,TENURE_CARRIER,USER_DEFINED_INTEGER_3,USER_DEFINED_STRING_3,TERRITORY_7,,TOTAL_AMOUNT_OF_INTEREST_EARNED,RETURN_5Y,LIFE_CYCLE_STATUS_CODE,,,,TOTAL_AMOUNT_OF_SELL_TRADES,RETURN_SINCE_INCEPTION,PRIMARY_CUSTOMER_BIRTH_YEAR,TENURE_CARRIER,,,,,,,,,,,,,,,,,,,,,,,,,,,,,,,,
USER_DEFINED_INTEGER_4,USER_DEFINED_STRING_4,TERRITORY_8,,TOTAL_AMOUNT_OF_INTEREST_FEES,RETURN_LAST_QUARTER,LOYALTY_RATING_CODE,,,,TOTAL_AMOUNT_OF_TRANSACTION_FEES,RETURN_YTD,PRIMARY_CUSTOMER_EDUCATION_LEVEL,TENURE_INDUSTRY,USER_DEFINED_INTEGER_4,USER_DEFINED_STRING_4,TERRITORY_8,,TOTAL_AMOUNT_OF_INTEREST_FEES,RETURN_LAST_QUARTER,LOYALTY_RATING_CODE,,,,TOTAL_AMOUNT_OF_TRANSACTION_FEES,RETURN_YTD,PRIMARY_CUSTOMER_EDUCATION_LEVEL,TENURE_INDUSTRY,,,,,,,,,,,,,,,,,,,,,,,,,,,,,,,,
USER_DEFINED_INTEGER_5,USER_DEFINED_STRING_5,TERRITORY_9,,TOTAL_AMOUNT_OF_MARKET_CHANGE,RETURN_SINCE_INCEPTION,MARITAL_STATUS,,,,TOTAL_AMOUNT_OF_WAIVED_FEES,SOURCE_SYSTEM_ID,PRIMARY_CUSTOMER_EMPLOYMENT_STATUS,TERRITORY_1,USER_DEFINED_INTEGER_5,USER_DEFINED_STRING_5,TERRITORY_9,,TOTAL_AMOUNT_OF_MARKET_CHANGE,RETURN_SINCE_INCEPTION,MARITAL_STATUS,,,,TOTAL_AMOUNT_OF_WAIVED_FEES,SOURCE_SYSTEM_ID,PRIMARY_CUSTOMER_EMPLOYMENT_STATUS,TERRITORY_1,,,,,,,,,,,,,,,,,,,,,,,,,,,,,,,,
USER_DEFINED_NUMERIC_1,,TRAINING_LEVEL,,TOTAL_AMOUNT_OF_SELL_TRADES,RETURN_YTD,MARKET_GROUP,,,,TOTAL_AMOUNT_OF_WITHDRAWALS,START_DATE,PRIMARY_CUSTOMER_GENDER,TERRITORY_10,USER_DEFINED_NUMERIC_1,,TRAINING_LEVEL,,TOTAL_AMOUNT_OF_SELL_TRADES,RETURN_YTD,MARKET_GROUP,,,,TOTAL_AMOUNT_OF_WITHDRAWALS,START_DATE,PRIMARY_CUSTOMER_GENDER,TERRITORY_10,,,,,,,,,,,,,,,,,,,,,,,,,,,,,,,,
USER_DEFINED_NUMERIC_2,,TYPE,,TOTAL_AMOUNT_OF_TRANSACTION_FEES,SOURCE_SYSTEM_ID,METRIC_BEHAVIOR_PROFILE,,,,TOTAL_CALL_TIME,TOP_SPENDING_CATEGORY,PRIMARY_CUSTOMER_MARITAL_STATUS,TERRITORY_2,USER_DEFINED_NUMERIC_2,,TYPE,,TOTAL_AMOUNT_OF_TRANSACTION_FEES,SOURCE_SYSTEM_ID,METRIC_BEHAVIOR_PROFILE,,,,TOTAL_CALL_TIME,TOP_SPENDING_CATEGORY,PRIMARY_CUSTOMER_MARITAL_STATUS,TERRITORY_2,,,,,,,,,,,,,,,,,,,,,,,,,,,,,,,,
USER_DEFINED_NUMERIC_3,,USER_DEFINED_BOOLEAN_1,,TOTAL_AMOUNT_OF_WAIVED_FEES,START_DATE,METRIC_BEHAVIOR_PROFILE_2,,,,TOTAL_CLOSING_BALANCE,TOTAL_AMOUNT_OF_ALL_FEES,PRIMARY_SPOKEN_LANGUAGE,TERRITORY_3,USER_DEFINED_NUMERIC_3,,USER_DEFINED_BOOLEAN_1,,TOTAL_AMOUNT_OF_WAIVED_FEES,START_DATE,METRIC_BEHAVIOR_PROFILE_2,,,,TOTAL_CLOSING_BALANCE,TOTAL_AMOUNT_OF_ALL_FEES,PRIMARY_SPOKEN_LANGUAGE,TERRITORY_3,,,,,,,,,,,,,,,,,,,,,,,,,,,,,,,,
USER_DEFINED_NUMERIC_4,,USER_DEFINED_BOOLEAN_2,,TOTAL_AMOUNT_OF_WITHDRAWALS,TOP_SPENDING_CATEGORY,METRIC_BEHAVIOR_PROFILE_3,,,,TOTAL_CLOSING_CASH_BALANCE,TOTAL_AMOUNT_OF_BUY_TRADES,PRIMARY_WRITTEN_LANGUAGE,TERRITORY_4,USER_DEFINED_NUMERIC_4,,USER_DEFINED_BOOLEAN_2,,TOTAL_AMOUNT_OF_WITHDRAWALS,TOP_SPENDING_CATEGORY,METRIC_BEHAVIOR_PROFILE_3,,,,TOTAL_CLOSING_CASH_BALANCE,TOTAL_AMOUNT_OF_BUY_TRADES,PRIMARY_WRITTEN_LANGUAGE,TERRITORY_4,,,,,,,,,,,,,,,,,,,,,,,,,,,,,,,,
USER_DEFINED_NUMERIC_5,,USER_DEFINED_BOOLEAN_3,,TOTAL_CALL_TIME,TOTAL_AMOUNT_OF_ALL_FEES,METRIC_BEHAVIOR_PROFILE_4,,,,TOTAL_INWARD_CALLS,TOTAL_AMOUNT_OF_COMMISSION,PURSUIT,TERRITORY_5,USER_DEFINED_NUMERIC_5,,USER_DEFINED_BOOLEAN_3,,TOTAL_CALL_TIME,TOTAL_AMOUNT_OF_ALL_FEES,METRIC_BEHAVIOR_PROFILE_4,,,,TOTAL_INWARD_CALLS,TOTAL_AMOUNT_OF_COMMISSION,PURSUIT,TERRITORY_5,,,,,,,,,,,,,,,,,,,,,,,,,,,,,,,,
USER_DEFINED_STRING_1,,USER_DEFINED_BOOLEAN_4,,TOTAL_CLOSING_BALANCE,TOTAL_AMOUNT_OF_BUY_TRADES,METRIC_BEHAVIOR_PROFILE_5,,,,TOTAL_INWARD_COMMUNICATIONS,TOTAL_AMOUNT_OF_DEPOSITS,RELATIONSHIP_START_DATE,TERRITORY_6,USER_DEFINED_STRING_1,,USER_DEFINED_BOOLEAN_4,,TOTAL_CLOSING_BALANCE,TOTAL_AMOUNT_OF_BUY_TRADES,METRIC_BEHAVIOR_PROFILE_5,,,,TOTAL_INWARD_COMMUNICATIONS,TOTAL_AMOUNT_OF_DEPOSITS,RELATIONSHIP_START_DATE,TERRITORY_6,,,,,,,,,,,,,,,,,,,,,,,,,,,,,,,,
USER_DEFINED_STRING_2,,USER_DEFINED_BOOLEAN_5,,TOTAL_CLOSING_CASH_BALANCE,TOTAL_AMOUNT_OF_COMMISSION,METRIC_COMMUNICATION_STYLE,,,,TOTAL_INWARD_EMAILS,TOTAL_AMOUNT_OF_INTEREST_EARNED,SATISFACTION_RATING_FROM_SURVEY,TERRITORY_7,USER_DEFINED_STRING_2,,USER_DEFINED_BOOLEAN_5,,TOTAL_CLOSING_CASH_BALANCE,TOTAL_AMOUNT_OF_COMMISSION,METRIC_COMMUNICATION_STYLE,,,,TOTAL_INWARD_EMAILS,TOTAL_AMOUNT_OF_INTEREST_EARNED,SATISFACTION_RATING_FROM_SURVEY,TERRITORY_7,,,,,,,,,,,,,,,,,,,,,,,,,,,,,,,,
USER_DEFINED_STRING_3,,USER_DEFINED_DATE_1,,TOTAL_INWARD_CALLS,TOTAL_AMOUNT_OF_DEPOSITS,METRIC_FINANCIAL_KNOWLEDGE_RATING,,,,TOTAL_NUMBER_OF_ACCOUNTS,TOTAL_AMOUNT_OF_INTEREST_FEES,SECONDARY_ADVISOR_ID,TERRITORY_8,USER_DEFINED_STRING_3,,USER_DEFINED_DATE_1,,TOTAL_INWARD_CALLS,TOTAL_AMOUNT_OF_DEPOSITS,METRIC_FINANCIAL_KNOWLEDGE_RATING,,,,TOTAL_NUMBER_OF_ACCOUNTS,TOTAL_AMOUNT_OF_INTEREST_FEES,SECONDARY_ADVISOR_ID,TERRITORY_8,,,,,,,,,,,,,,,,,,,,,,,,,,,,,,,,
USER_DEFINED_STRING_4,,USER_DEFINED_DATE_2,,TOTAL_INWARD_COMMUNICATIONS,TOTAL_AMOUNT_OF_INTEREST_EARNED,METRIC_LATEST_TONE,,,,TOTAL_NUMBER_OF_ACTIVE_COMMUNICATION_THREADS,TOTAL_AMOUNT_OF_MARKET_CHANGE,SECONDARY_ADVISOR_ORGANIZATION_ID,TERRITORY_9,USER_DEFINED_STRING_4,,USER_DEFINED_DATE_2,,TOTAL_INWARD_COMMUNICATIONS,TOTAL_AMOUNT_OF_INTEREST_EARNED,METRIC_LATEST_TONE,,,,TOTAL_NUMBER_OF_ACTIVE_COMMUNICATION_THREADS,TOTAL_AMOUNT_OF_MARKET_CHANGE,SECONDARY_ADVISOR_ORGANIZATION_ID,TERRITORY_9,,,,,,,,,,,,,,,,,,,,,,,,,,,,,,,,
USER_DEFINED_STRING_5,,USER_DEFINED_DATE_3,,TOTAL_INWARD_EMAILS,TOTAL_AMOUNT_OF_INTEREST_FEES,METRIC_NET_PROMOTER_SCORE,,,,TOTAL_NUMBER_OF_ALL_FEES,TOTAL_AMOUNT_OF_SELL_TRADES,SECONDARY_CUSTOMER_BIRTH_YEAR,TWITTER_NAME,USER_DEFINED_STRING_5,,USER_DEFINED_DATE_3,,TOTAL_INWARD_EMAILS,TOTAL_AMOUNT_OF_INTEREST_FEES,METRIC_NET_PROMOTER_SCORE,,,,TOTAL_NUMBER_OF_ALL_FEES,TOTAL_AMOUNT_OF_SELL_TRADES,SECONDARY_CUSTOMER_BIRTH_YEAR,TWITTER_NAME,,,,,,,,,,,,,,,,,,,,,,,,,,,,,,,,
,,USER_DEFINED_DATE_4,,TOTAL_NUMBER_OF_ACCOUNTS_AS_NON_PRIMARY,TOTAL_AMOUNT_OF_MARKET_CHANGE,METRIC_PERSONALITY_TYPE,,,,TOTAL_NUMBER_OF_BUY_TRADES,TOTAL_AMOUNT_OF_TRANSACTION_FEES,SECONDARY_CUSTOMER_EDUCATION_LEVEL,USER_DEFINED_BOOLEAN_1,,,USER_DEFINED_DATE_4,,TOTAL_NUMBER_OF_ACCOUNTS_AS_NON_PRIMARY,TOTAL_AMOUNT_OF_MARKET_CHANGE,METRIC_PERSONALITY_TYPE,,,,TOTAL_NUMBER_OF_BUY_TRADES,TOTAL_AMOUNT_OF_TRANSACTION_FEES,SECONDARY_CUSTOMER_EDUCATION_LEVEL,USER_DEFINED_BOOLEAN_1,,,,,,,,,,,,,,,,,,,,,,,,,,,,,,,,
,,USER_DEFINED_DATE_5,,TOTAL_NUMBER_OF_ACCOUNTS_AS_PRIMARY,TOTAL_AMOUNT_OF_SELL_TRADES,METRIC_SATISFACTION_LEVEL,,,,TOTAL_NUMBER_OF_DEPOSITS,TOTAL_AMOUNT_OF_WAIVED_FEES,SECONDARY_CUSTOMER_EMPLOYMENT_STATUS,USER_DEFINED_BOOLEAN_2,,,USER_DEFINED_DATE_5,,TOTAL_NUMBER_OF_ACCOUNTS_AS_PRIMARY,TOTAL_AMOUNT_OF_SELL_TRADES,METRIC_SATISFACTION_LEVEL,,,,TOTAL_NUMBER_OF_DEPOSITS,TOTAL_AMOUNT_OF_WAIVED_FEES,SECONDARY_CUSTOMER_EMPLOYMENT_STATUS,USER_DEFINED_BOOLEAN_2,,,,,,,,,,,,,,,,,,,,,,,,,,,,,,,,
,,USER_DEFINED_INTEGER_1,,TOTAL_NUMBER_OF_ACTIVE_COMMUNICATION_THREADS,TOTAL_AMOUNT_OF_TRANSACTION_FEES,METRIC_STRENGTH_OF_RELATIONSHIP,,,,TOTAL_NUMBER_OF_SELL_TRADES,TOTAL_AMOUNT_OF_WITHDRAWALS,SECONDARY_CUSTOMER_GENDER,USER_DEFINED_BOOLEAN_3,,,USER_DEFINED_INTEGER_1,,TOTAL_NUMBER_OF_ACTIVE_COMMUNICATION_THREADS,TOTAL_AMOUNT_OF_TRANSACTION_FEES,METRIC_STRENGTH_OF_RELATIONSHIP,,,,TOTAL_NUMBER_OF_SELL_TRADES,TOTAL_AMOUNT_OF_WITHDRAWALS,SECONDARY_CUSTOMER_GENDER,USER_DEFINED_BOOLEAN_3,,,,,,,,,,,,,,,,,,,,,,,,,,,,,,,,
,,USER_DEFINED_INTEGER_2,,TOTAL_NUMBER_OF_ALL_FEES,TOTAL_AMOUNT_OF_WAIVED_FEES,METRIC_TECH_SAVY,,,,TOTAL_NUMBER_OF_UNITS_BOUGHT,TOTAL_CALL_TIME,SECONDARY_CUSTOMER_MARITAL_STATUS,USER_DEFINED_BOOLEAN_4,,,USER_DEFINED_INTEGER_2,,TOTAL_NUMBER_OF_ALL_FEES,TOTAL_AMOUNT_OF_WAIVED_FEES,METRIC_TECH_SAVY,,,,TOTAL_NUMBER_OF_UNITS_BOUGHT,TOTAL_CALL_TIME,SECONDARY_CUSTOMER_MARITAL_STATUS,USER_DEFINED_BOOLEAN_4,,,,,,,,,,,,,,,,,,,,,,,,,,,,,,,,
,,USER_DEFINED_INTEGER_3,,TOTAL_NUMBER_OF_BUY_TRADES,TOTAL_AMOUNT_OF_WITHDRAWALS,MONTHLY_HOUSING_COST,,,,TOTAL_NUMBER_OF_UNITS_SOLD,TOTAL_CLOSING_BALANCE,STATUS,USER_DEFINED_BOOLEAN_5,,,USER_DEFINED_INTEGER_3,,TOTAL_NUMBER_OF_BUY_TRADES,TOTAL_AMOUNT_OF_WITHDRAWALS,MONTHLY_HOUSING_COST,,,,TOTAL_NUMBER_OF_UNITS_SOLD,TOTAL_CLOSING_BALANCE,STATUS,USER_DEFINED_BOOLEAN_5,,,,,,,,,,,,,,,,,,,,,,,,,,,,,,,,
,,USER_DEFINED_INTEGER_4,,TOTAL_NUMBER_OF_DEPOSITS,TOTAL_CALL_TIME,MONTHLY_NET_INCOME,,,,TOTAL_NUMBER_OF_WITHDRAWALS,TOTAL_CLOSING_BALANCE_CREDIT_CARDS,STATUS_DATE,USER_DEFINED_DATE_1,,,USER_DEFINED_INTEGER_4,,TOTAL_NUMBER_OF_DEPOSITS,TOTAL_CALL_TIME,MONTHLY_NET_INCOME,,,,TOTAL_NUMBER_OF_WITHDRAWALS,TOTAL_CLOSING_BALANCE_CREDIT_CARDS,STATUS_DATE,USER_DEFINED_DATE_1,,,,,,,,,,,,,,,,,,,,,,,,,,,,,,,,
,,USER_DEFINED_INTEGER_5,,TOTAL_NUMBER_OF_SELL_TRADES,TOTAL_CLOSING_BALANCE,NUMBER_OF_DEPENDENT_ADULTS,,,,TOTAL_OUTWARD_CALLS,TOTAL_CLOSING_BALANCE_LOANS,STATUS_REASON,USER_DEFINED_DATE_2,,,USER_DEFINED_INTEGER_5,,TOTAL_NUMBER_OF_SELL_TRADES,TOTAL_CLOSING_BALANCE,NUMBER_OF_DEPENDENT_ADULTS,,,,TOTAL_OUTWARD_CALLS,TOTAL_CLOSING_BALANCE_LOANS,STATUS_REASON,USER_DEFINED_DATE_2,,,,,,,,,,,,,,,,,,,,,,,,,,,,,,,,
,,USER_DEFINED_NUMERIC_1,,TOTAL_NUMBER_OF_UNITS_BOUGHT,TOTAL_CLOSING_BALANCE_CREDIT_CARDS,NUMBER_OF_DEPENDENT_CHILDREN,,,,TOTAL_OUTWARD_COMMUNICATIONS,TOTAL_CLOSING_CASH_BALANCE,TOTAL_ASSETS,USER_DEFINED_DATE_3,,,USER_DEFINED_NUMERIC_1,,TOTAL_NUMBER_OF_UNITS_BOUGHT,TOTAL_CLOSING_BALANCE_CREDIT_CARDS,NUMBER_OF_DEPENDENT_CHILDREN,,,,TOTAL_OUTWARD_COMMUNICATIONS,TOTAL_CLOSING_CASH_BALANCE,TOTAL_ASSETS,USER_DEFINED_DATE_3,,,,,,,,,,,,,,,,,,,,,,,,,,,,,,,,
,,USER_DEFINED_NUMERIC_2,,TOTAL_NUMBER_OF_UNITS_SOLD,TOTAL_CLOSING_BALANCE_LOANS,OLDEST_DEPENDENT_ADULT_BIRTH_YEAR,,,,TOTAL_OUTWARD_EMAILS,TOTAL_COMMUNICATIONS_AND_IT_EXPENSE,URBAN_CODE,USER_DEFINED_DATE_4,,,USER_DEFINED_NUMERIC_2,,TOTAL_NUMBER_OF_UNITS_SOLD,TOTAL_CLOSING_BALANCE_LOANS,OLDEST_DEPENDENT_ADULT_BIRTH_YEAR,,,,TOTAL_OUTWARD_EMAILS,TOTAL_COMMUNICATIONS_AND_IT_EXPENSE,URBAN_CODE,USER_DEFINED_DATE_4,,,,,,,,,,,,,,,,,,,,,,,,,,,,,,,,
,,USER_DEFINED_NUMERIC_3,,TOTAL_NUMBER_OF_WITHDRAWALS,TOTAL_CLOSING_CASH_BALANCE,OLDEST_DEPENDENT_CHILD_BIRTH_YEAR,,,,TRADING_VOLUME,TOTAL_INWARD_CALLS,USER_DEFINED_BOOLEAN_1,USER_DEFINED_DATE_5,,,USER_DEFINED_NUMERIC_3,,TOTAL_NUMBER_OF_WITHDRAWALS,TOTAL_CLOSING_CASH_BALANCE,OLDEST_DEPENDENT_CHILD_BIRTH_YEAR,,,,TRADING_VOLUME,TOTAL_INWARD_CALLS,USER_DEFINED_BOOLEAN_1,USER_DEFINED_DATE_5,,,,,,,,,,,,,,,,,,,,,,,,,,,,,,,,
,,USER_DEFINED_NUMERIC_4,,TOTAL_OUTWARD_CALLS,TOTAL_COMMUNICATIONS_AND_IT_EXPENSE,PERSONAL_INTEREST_TOPIC_1,,,,TYPE,TOTAL_INWARD_COMMUNICATIONS,USER_DEFINED_BOOLEAN_2,USER_DEFINED_INTEGER_1,,,USER_DEFINED_NUMERIC_4,,TOTAL_OUTWARD_CALLS,TOTAL_COMMUNICATIONS_AND_IT_EXPENSE,PERSONAL_INTEREST_TOPIC_1,,,,TYPE,TOTAL_INWARD_COMMUNICATIONS,USER_DEFINED_BOOLEAN_2,USER_DEFINED_INTEGER_1,,,,,,,,,,,,,,,,,,,,,,,,,,,,,,,,
,,USER_DEFINED_NUMERIC_5,,TOTAL_OUTWARD_COMMUNICATIONS,TOTAL_INWARD_CALLS,PERSONAL_INTEREST_TOPIC_2,,,,USER_DEFINED_BOOLEAN_1,TOTAL_INWARD_EMAILS,USER_DEFINED_BOOLEAN_3,USER_DEFINED_INTEGER_2,,,USER_DEFINED_NUMERIC_5,,TOTAL_OUTWARD_COMMUNICATIONS,TOTAL_INWARD_CALLS,PERSONAL_INTEREST_TOPIC_2,,,,USER_DEFINED_BOOLEAN_1,TOTAL_INWARD_EMAILS,USER_DEFINED_BOOLEAN_3,USER_DEFINED_INTEGER_2,,,,,,,,,,,,,,,,,,,,,,,,,,,,,,,,
,,USER_DEFINED_STRING_1,,TOTAL_OUTWARD_EMAILS,TOTAL_INWARD_COMMUNICATIONS,PREFERRED_COMMUNICATION_FORM,,,,USER_DEFINED_BOOLEAN_2,TOTAL_LOGIN_OR_QUERIES,USER_DEFINED_BOOLEAN_4,USER_DEFINED_INTEGER_3,,,USER_DEFINED_STRING_1,,TOTAL_OUTWARD_EMAILS,TOTAL_INWARD_COMMUNICATIONS,PREFERRED_COMMUNICATION_FORM,,,,USER_DEFINED_BOOLEAN_2,TOTAL_LOGIN_OR_QUERIES,USER_DEFINED_BOOLEAN_4,USER_DEFINED_INTEGER_3,,,,,,,,,,,,,,,,,,,,,,,,,,,,,,,,
,,USER_DEFINED_STRING_2,,TRADING_VOLUME,TOTAL_INWARD_EMAILS,PRIMARY_ADVISOR_ID,,,,USER_DEFINED_BOOLEAN_3,TOTAL_NET_WORTH,USER_DEFINED_BOOLEAN_5,USER_DEFINED_INTEGER_4,,,USER_DEFINED_STRING_2,,TRADING_VOLUME,TOTAL_INWARD_EMAILS,PRIMARY_ADVISOR_ID,,,,USER_DEFINED_BOOLEAN_3,TOTAL_NET_WORTH,USER_DEFINED_BOOLEAN_5,USER_DEFINED_INTEGER_4,,,,,,,,,,,,,,,,,,,,,,,,,,,,,,,,
,,USER_DEFINED_STRING_3,,TYPE,TOTAL_LOGIN_OR_QUERIES,PRIMARY_ADVISOR_ORGANIZATION_ID,,,,USER_DEFINED_BOOLEAN_4,TOTAL_NUMBER_OF_ACCOUNTS_AS_NON_PRIMARY,USER_DEFINED_DATE_1,USER_DEFINED_INTEGER_5,,,USER_DEFINED_STRING_3,,TYPE,TOTAL_LOGIN_OR_QUERIES,PRIMARY_ADVISOR_ORGANIZATION_ID,,,,USER_DEFINED_BOOLEAN_4,TOTAL_NUMBER_OF_ACCOUNTS_AS_NON_PRIMARY,USER_DEFINED_DATE_1,USER_DEFINED_INTEGER_5,,,,,,,,,,,,,,,,,,,,,,,,,,,,,,,,
,,USER_DEFINED_STRING_4,,USER_DEFINED_BOOLEAN_1,TOTAL_NET_WORTH,PRIMARY_BRANCH_PROXIMITY,,,,USER_DEFINED_BOOLEAN_5,TOTAL_NUMBER_OF_ACCOUNTS_AS_PRIMARY,USER_DEFINED_DATE_2,USER_DEFINED_NUMERIC_1,,,USER_DEFINED_STRING_4,,USER_DEFINED_BOOLEAN_1,TOTAL_NET_WORTH,PRIMARY_BRANCH_PROXIMITY,,,,USER_DEFINED_BOOLEAN_5,TOTAL_NUMBER_OF_ACCOUNTS_AS_PRIMARY,USER_DEFINED_DATE_2,USER_DEFINED_NUMERIC_1,,,,,,,,,,,,,,,,,,,,,,,,,,,,,,,,
,,USER_DEFINED_STRING_5,,USER_DEFINED_BOOLEAN_2,TOTAL_NUMBER_OF_ACCOUNTS_AS_NON_PRIMARY,PRIMARY_SPOKEN_LANGUAGE,,,,USER_DEFINED_DATE_1,TOTAL_NUMBER_OF_ACTIVE_COMMUNICATION_THREADS,USER_DEFINED_DATE_3,USER_DEFINED_NUMERIC_2,,,USER_DEFINED_STRING_5,,USER_DEFINED_BOOLEAN_2,TOTAL_NUMBER_OF_ACCOUNTS_AS_NON_PRIMARY,PRIMARY_SPOKEN_LANGUAGE,,,,USER_DEFINED_DATE_1,TOTAL_NUMBER_OF_ACTIVE_COMMUNICATION_THREADS,USER_DEFINED_DATE_3,USER_DEFINED_NUMERIC_2,,,,,,,,,,,,,,,,,,,,,,,,,,,,,,,,
,,,,USER_DEFINED_BOOLEAN_3,TOTAL_NUMBER_OF_ACCOUNTS_AS_PRIMARY,PRIMARY_WRITTEN_LANGUAGE,,,,USER_DEFINED_DATE_2,TOTAL_NUMBER_OF_ALL_FEES,USER_DEFINED_DATE_4,USER_DEFINED_NUMERIC_3,,,,,USER_DEFINED_BOOLEAN_3,TOTAL_NUMBER_OF_ACCOUNTS_AS_PRIMARY,PRIMARY_WRITTEN_LANGUAGE,,,,USER_DEFINED_DATE_2,TOTAL_NUMBER_OF_ALL_FEES,USER_DEFINED_DATE_4,USER_DEFINED_NUMERIC_3,,,,,,,,,,,,,,,,,,,,,,,,,,,,,,,,
,,,,USER_DEFINED_BOOLEAN_4,TOTAL_NUMBER_OF_ACTIVE_COMMUNICATION_THREADS,PROFESSION,,,,USER_DEFINED_DATE_3,TOTAL_NUMBER_OF_BUY_TRADES,USER_DEFINED_DATE_5,USER_DEFINED_NUMERIC_4,,,,,USER_DEFINED_BOOLEAN_4,TOTAL_NUMBER_OF_ACTIVE_COMMUNICATION_THREADS,PROFESSION,,,,USER_DEFINED_DATE_3,TOTAL_NUMBER_OF_BUY_TRADES,USER_DEFINED_DATE_5,USER_DEFINED_NUMERIC_4,,,,,,,,,,,,,,,,,,,,,,,,,,,,,,,,
,,,,USER_DEFINED_BOOLEAN_5,TOTAL_NUMBER_OF_ALL_FEES,PURSUIT,,,,USER_DEFINED_DATE_4,TOTAL_NUMBER_OF_DEPOSITS,USER_DEFINED_INTEGER_1,USER_DEFINED_NUMERIC_5,,,,,USER_DEFINED_BOOLEAN_5,TOTAL_NUMBER_OF_ALL_FEES,PURSUIT,,,,USER_DEFINED_DATE_4,TOTAL_NUMBER_OF_DEPOSITS,USER_DEFINED_INTEGER_1,USER_DEFINED_NUMERIC_5,,,,,,,,,,,,,,,,,,,,,,,,,,,,,,,,
,,,,USER_DEFINED_DATE_1,TOTAL_NUMBER_OF_BUY_TRADES,RECORDED_VOICE_SAMPLE_ID,,,,USER_DEFINED_DATE_5,TOTAL_NUMBER_OF_SELL_TRADES,USER_DEFINED_INTEGER_2,USER_DEFINED_STRING_1,,,,,USER_DEFINED_DATE_1,TOTAL_NUMBER_OF_BUY_TRADES,RECORDED_VOICE_SAMPLE_ID,,,,USER_DEFINED_DATE_5,TOTAL_NUMBER_OF_SELL_TRADES,USER_DEFINED_INTEGER_2,USER_DEFINED_STRING_1,,,,,,,,,,,,,,,,,,,,,,,,,,,,,,,,
,,,,USER_DEFINED_DATE_2,TOTAL_NUMBER_OF_DEPOSITS,REFERRALS_VALUE_CODE,,,,USER_DEFINED_INTEGER_1,TOTAL_NUMBER_OF_UNITS_BOUGHT,USER_DEFINED_INTEGER_3,USER_DEFINED_STRING_2,,,,,USER_DEFINED_DATE_2,TOTAL_NUMBER_OF_DEPOSITS,REFERRALS_VALUE_CODE,,,,USER_DEFINED_INTEGER_1,TOTAL_NUMBER_OF_UNITS_BOUGHT,USER_DEFINED_INTEGER_3,USER_DEFINED_STRING_2,,,,,,,,,,,,,,,,,,,,,,,,,,,,,,,,
,,,,USER_DEFINED_DATE_3,TOTAL_NUMBER_OF_SELL_TRADES,RELATIONSHIP_START_DATE,,,,USER_DEFINED_INTEGER_2,TOTAL_NUMBER_OF_UNITS_SOLD,USER_DEFINED_INTEGER_4,USER_DEFINED_STRING_3,,,,,USER_DEFINED_DATE_3,TOTAL_NUMBER_OF_SELL_TRADES,RELATIONSHIP_START_DATE,,,,USER_DEFINED_INTEGER_2,TOTAL_NUMBER_OF_UNITS_SOLD,USER_DEFINED_INTEGER_4,USER_DEFINED_STRING_3,,,,,,,,,,,,,,,,,,,,,,,,,,,,,,,,
,,,,USER_DEFINED_DATE_4,TOTAL_NUMBER_OF_UNITS_BOUGHT,RETIREMENT_AGE,,,,USER_DEFINED_INTEGER_3,TOTAL_NUMBER_OF_WITHDRAWALS,USER_DEFINED_INTEGER_5,USER_DEFINED_STRING_4,,,,,USER_DEFINED_DATE_4,TOTAL_NUMBER_OF_UNITS_BOUGHT,RETIREMENT_AGE,,,,USER_DEFINED_INTEGER_3,TOTAL_NUMBER_OF_WITHDRAWALS,USER_DEFINED_INTEGER_5,USER_DEFINED_STRING_4,,,,,,,,,,,,,,,,,,,,,,,,,,,,,,,,
,,,,USER_DEFINED_DATE_5,TOTAL_NUMBER_OF_UNITS_SOLD,SATISFACTION_RATING_FROM_SURVEY,,,,USER_DEFINED_INTEGER_4,TOTAL_OUTWARD_CALLS,USER_DEFINED_NUMERIC_1,USER_DEFINED_STRING_5,,,,,USER_DEFINED_DATE_5,TOTAL_NUMBER_OF_UNITS_SOLD,SATISFACTION_RATING_FROM_SURVEY,,,,USER_DEFINED_INTEGER_4,TOTAL_OUTWARD_CALLS,USER_DEFINED_NUMERIC_1,USER_DEFINED_STRING_5,,,,,,,,,,,,,,,,,,,,,,,,,,,,,,,,
,,,,USER_DEFINED_INTEGER_1,TOTAL_NUMBER_OF_WITHDRAWALS,SECONDARY_ADVISOR_ID,,,,USER_DEFINED_INTEGER_5,TOTAL_OUTWARD_COMMUNICATIONS,USER_DEFINED_NUMERIC_2,WEBSITE_PERSONAL_NAME,,,,,USER_DEFINED_INTEGER_1,TOTAL_NUMBER_OF_WITHDRAWALS,SECONDARY_ADVISOR_ID,,,,USER_DEFINED_INTEGER_5,TOTAL_OUTWARD_COMMUNICATIONS,USER_DEFINED_NUMERIC_2,WEBSITE_PERSONAL_NAME,,,,,,,,,,,,,,,,,,,,,,,,,,,,,,,,
,,,,USER_DEFINED_INTEGER_2,TOTAL_OUTWARD_CALLS,SECONDARY_ADVISOR_ORGANIZATION_ID,,,,USER_DEFINED_NUMERIC_1,TOTAL_OUTWARD_EMAILS,USER_DEFINED_NUMERIC_3,WEBSITE_PROFESSIONAL_NAME,,,,,USER_DEFINED_INTEGER_2,TOTAL_OUTWARD_CALLS,SECONDARY_ADVISOR_ORGANIZATION_ID,,,,USER_DEFINED_NUMERIC_1,TOTAL_OUTWARD_EMAILS,USER_DEFINED_NUMERIC_3,WEBSITE_PROFESSIONAL_NAME,,,,,,,,,,,,,,,,,,,,,,,,,,,,,,,,
,,,,USER_DEFINED_INTEGER_3,TOTAL_OUTWARD_COMMUNICATIONS,SPECIAL_TERMS_INDICATOR,,,,USER_DEFINED_NUMERIC_2,TRADING_VOLUME,USER_DEFINED_NUMERIC_4,,,,,,USER_DEFINED_INTEGER_3,TOTAL_OUTWARD_COMMUNICATIONS,SPECIAL_TERMS_INDICATOR,,,,USER_DEFINED_NUMERIC_2,TRADING_VOLUME,USER_DEFINED_NUMERIC_4,,,,,,,,,,,,,,,,,,,,,,,,,,,,,,,,,
,,,,USER_DEFINED_INTEGER_4,TOTAL_OUTWARD_EMAILS,STATUS,,,,USER_DEFINED_NUMERIC_3,TYPE,USER_DEFINED_NUMERIC_5,,,,,,USER_DEFINED_INTEGER_4,TOTAL_OUTWARD_EMAILS,STATUS,,,,USER_DEFINED_NUMERIC_3,TYPE,USER_DEFINED_NUMERIC_5,,,,,,,,,,,,,,,,,,,,,,,,,,,,,,,,,
,,,,USER_DEFINED_INTEGER_5,TRADING_VOLUME,STATUS_DATE,,,,USER_DEFINED_NUMERIC_4,USER_DEFINED_BOOLEAN_1,USER_DEFINED_STRING_1,,,,,,USER_DEFINED_INTEGER_5,TRADING_VOLUME,STATUS_DATE,,,,USER_DEFINED_NUMERIC_4,USER_DEFINED_BOOLEAN_1,USER_DEFINED_STRING_1,,,,,,,,,,,,,,,,,,,,,,,,,,,,,,,,,
,,,,USER_DEFINED_NUMERIC_1,TYPE,STATUS_REASON,,,,USER_DEFINED_NUMERIC_5,USER_DEFINED_BOOLEAN_2,USER_DEFINED_STRING_2,,,,,,USER_DEFINED_NUMERIC_1,TYPE,STATUS_REASON,,,,USER_DEFINED_NUMERIC_5,USER_DEFINED_BOOLEAN_2,USER_DEFINED_STRING_2,,,,,,,,,,,,,,,,,,,,,,,,,,,,,,,,,
,,,,USER_DEFINED_NUMERIC_2,USER_DEFINED_BOOLEAN_1,URBAN_CODE,,,,USER_DEFINED_STRING_1,USER_DEFINED_BOOLEAN_3,USER_DEFINED_STRING_3,,,,,,USER_DEFINED_NUMERIC_2,USER_DEFINED_BOOLEAN_1,URBAN_CODE,,,,USER_DEFINED_STRING_1,USER_DEFINED_BOOLEAN_3,USER_DEFINED_STRING_3,,,,,,,,,,,,,,,,,,,,,,,,,,,,,,,,,
,,,,USER_DEFINED_NUMERIC_3,USER_DEFINED_BOOLEAN_2,USER_DEFINED_BOOLEAN_1,,,,USER_DEFINED_STRING_2,USER_DEFINED_BOOLEAN_4,USER_DEFINED_STRING_4,,,,,,USER_DEFINED_NUMERIC_3,USER_DEFINED_BOOLEAN_2,USER_DEFINED_BOOLEAN_1,,,,USER_DEFINED_STRING_2,USER_DEFINED_BOOLEAN_4,USER_DEFINED_STRING_4,,,,,,,,,,,,,,,,,,,,,,,,,,,,,,,,,
,,,,USER_DEFINED_NUMERIC_4,USER_DEFINED_BOOLEAN_3,USER_DEFINED_BOOLEAN_2,,,,USER_DEFINED_STRING_3,USER_DEFINED_BOOLEAN_5,USER_DEFINED_STRING_5,,,,,,USER_DEFINED_NUMERIC_4,USER_DEFINED_BOOLEAN_3,USER_DEFINED_BOOLEAN_2,,,,USER_DEFINED_STRING_3,USER_DEFINED_BOOLEAN_5,USER_DEFINED_STRING_5,,,,,,,,,,,,,,,,,,,,,,,,,,,,,,,,,
,,,,USER_DEFINED_NUMERIC_5,USER_DEFINED_BOOLEAN_4,USER_DEFINED_BOOLEAN_3,,,,USER_DEFINED_STRING_4,USER_DEFINED_DATE_1,WALLET_SHARE_PERCENTAGE,,,,,,USER_DEFINED_NUMERIC_5,USER_DEFINED_BOOLEAN_4,USER_DEFINED_BOOLEAN_3,,,,USER_DEFINED_STRING_4,USER_DEFINED_DATE_1,WALLET_SHARE_PERCENTAGE,,,,,,,,,,,,,,,,,,,,,,,,,,,,,,,,,
,,,,USER_DEFINED_STRING_1,USER_DEFINED_BOOLEAN_5,USER_DEFINED_BOOLEAN_4,,,,USER_DEFINED_STRING_5,USER_DEFINED_DATE_2,YOUNGEST_DEPENDENT_ADULT_BIRTH_YEAR,,,,,,USER_DEFINED_STRING_1,USER_DEFINED_BOOLEAN_5,USER_DEFINED_BOOLEAN_4,,,,USER_DEFINED_STRING_5,USER_DEFINED_DATE_2,YOUNGEST_DEPENDENT_ADULT_BIRTH_YEAR,,,,,,,,,,,,,,,,,,,,,,,,,,,,,,,,,
,,,,USER_DEFINED_STRING_2,USER_DEFINED_DATE_1,USER_DEFINED_BOOLEAN_5,,,,WAIVED_FEES,USER_DEFINED_DATE_3,YOUNGEST_DEPENDENT_CHILD_BIRTH_YEAR,,,,,,USER_DEFINED_STRING_2,USER_DEFINED_DATE_1,USER_DEFINED_BOOLEAN_5,,,,WAIVED_FEES,USER_DEFINED_DATE_3,YOUNGEST_DEPENDENT_CHILD_BIRTH_YEAR,,,,,,,,,,,,,,,,,,,,,,,,,,,,,,,,,
,,,,USER_DEFINED_STRING_3,USER_DEFINED_DATE_2,USER_DEFINED_DATE_1,,,,WAIVED_INTEREST_EXPENSE,USER_DEFINED_DATE_4,YOUNGEST_MEMBER_BIRTH_YEAR,,,,,,USER_DEFINED_STRING_3,USER_DEFINED_DATE_2,USER_DEFINED_DATE_1,,,,WAIVED_INTEREST_EXPENSE,USER_DEFINED_DATE_4,YOUNGEST_MEMBER_BIRTH_YEAR,,,,,,,,,,,,,,,,,,,,,,,,,,,,,,,,,
,,,,USER_DEFINED_STRING_4,USER_DEFINED_DATE_3,USER_DEFINED_DATE_2,,,,WAIVED_INTEREST_INCOME,USER_DEFINED_DATE_5,,,,,,,USER_DEFINED_STRING_4,USER_DEFINED_DATE_3,USER_DEFINED_DATE_2,,,,WAIVED_INTEREST_INCOME,USER_DEFINED_DATE_5,,,,,,,,,,,,,,,,,,,,,,,,,,,,,,,,,,
,,,,USER_DEFINED_STRING_5,USER_DEFINED_DATE_4,USER_DEFINED_DATE_3,,,,WAIVED_NON_INTEREST_EXPENSE,USER_DEFINED_INTEGER_1,,,,,,,USER_DEFINED_STRING_5,USER_DEFINED_DATE_4,USER_DEFINED_DATE_3,,,,WAIVED_NON_INTEREST_EXPENSE,USER_DEFINED_INTEGER_1,,,,,,,,,,,,,,,,,,,,,,,,,,,,,,,,,,
,,,,WAIVED_FEES,USER_DEFINED_DATE_5,USER_DEFINED_DATE_4,,,,,USER_DEFINED_INTEGER_2,,,,,,,WAIVED_FEES,USER_DEFINED_DATE_5,USER_DEFINED_DATE_4,,,,,USER_DEFINED_INTEGER_2,,,,,,,,,,,,,,,,,,,,,,,,,,,,,,,,,,
,,,,WAIVED_INTEREST_EXPENSE,USER_DEFINED_INTEGER_1,USER_DEFINED_DATE_5,,,,,USER_DEFINED_INTEGER_3,,,,,,,WAIVED_INTEREST_EXPENSE,USER_DEFINED_INTEGER_1,USER_DEFINED_DATE_5,,,,,USER_DEFINED_INTEGER_3,,,,,,,,,,,,,,,,,,,,,,,,,,,,,,,,,,
,,,,WAIVED_INTEREST_INCOME,USER_DEFINED_INTEGER_2,USER_DEFINED_INTEGER_1,,,,,USER_DEFINED_INTEGER_4,,,,,,,WAIVED_INTEREST_INCOME,USER_DEFINED_INTEGER_2,USER_DEFINED_INTEGER_1,,,,,USER_DEFINED_INTEGER_4,,,,,,,,,,,,,,,,,,,,,,,,,,,,,,,,,,
,,,,WAIVED_NON_INTEREST_EXPENSE,USER_DEFINED_INTEGER_3,USER_DEFINED_INTEGER_2,,,,,USER_DEFINED_INTEGER_5,,,,,,,WAIVED_NON_INTEREST_EXPENSE,USER_DEFINED_INTEGER_3,USER_DEFINED_INTEGER_2,,,,,USER_DEFINED_INTEGER_5,,,,,,,,,,,,,,,,,,,,,,,,,,,,,,,,,,
,,,,,USER_DEFINED_INTEGER_4,USER_DEFINED_INTEGER_3,,,,,USER_DEFINED_NUMERIC_1,,,,,,,,USER_DEFINED_INTEGER_4,USER_DEFINED_INTEGER_3,,,,,USER_DEFINED_NUMERIC_1,,,,,,,,,,,,,,,,,,,,,,,,,,,,,,,,,,
,,,,,USER_DEFINED_INTEGER_5,USER_DEFINED_INTEGER_4,,,,,USER_DEFINED_NUMERIC_2,,,,,,,,USER_DEFINED_INTEGER_5,USER_DEFINED_INTEGER_4,,,,,USER_DEFINED_NUMERIC_2,,,,,,,,,,,,,,,,,,,,,,,,,,,,,,,,,,
,,,,,USER_DEFINED_NUMERIC_1,USER_DEFINED_INTEGER_5,,,,,USER_DEFINED_NUMERIC_3,,,,,,,,USER_DEFINED_NUMERIC_1,USER_DEFINED_INTEGER_5,,,,,USER_DEFINED_NUMERIC_3,,,,,,,,,,,,,,,,,,,,,,,,,,,,,,,,,,
,,,,,USER_DEFINED_NUMERIC_2,USER_DEFINED_NUMERIC_1,,,,,USER_DEFINED_NUMERIC_4,,,,,,,,USER_DEFINED_NUMERIC_2,USER_DEFINED_NUMERIC_1,,,,,USER_DEFINED_NUMERIC_4,,,,,,,,,,,,,,,,,,,,,,,,,,,,,,,,,,
,,,,,USER_DEFINED_NUMERIC_3,USER_DEFINED_NUMERIC_2,,,,,USER_DEFINED_NUMERIC_5,,,,,,,,USER_DEFINED_NUMERIC_3,USER_DEFINED_NUMERIC_2,,,,,USER_DEFINED_NUMERIC_5,,,,,,,,,,,,,,,,,,,,,,,,,,,,,,,,,,
,,,,,USER_DEFINED_NUMERIC_4,USER_DEFINED_NUMERIC_3,,,,,USER_DEFINED_STRING_1,,,,,,,,USER_DEFINED_NUMERIC_4,USER_DEFINED_NUMERIC_3,,,,,USER_DEFINED_STRING_1,,,,,,,,,,,,,,,,,,,,,,,,,,,,,,,,,,
,,,,,USER_DEFINED_NUMERIC_5,USER_DEFINED_NUMERIC_4,,,,,USER_DEFINED_STRING_2,,,,,,,,USER_DEFINED_NUMERIC_5,USER_DEFINED_NUMERIC_4,,,,,USER_DEFINED_STRING_2,,,,,,,,,,,,,,,,,,,,,,,,,,,,,,,,,,
,,,,,USER_DEFINED_STRING_1,USER_DEFINED_NUMERIC_5,,,,,USER_DEFINED_STRING_3,,,,,,,,USER_DEFINED_STRING_1,USER_DEFINED_NUMERIC_5,,,,,USER_DEFINED_STRING_3,,,,,,,,,,,,,,,,,,,,,,,,,,,,,,,,,,
,,,,,USER_DEFINED_STRING_2,USER_DEFINED_STRING_1,,,,,USER_DEFINED_STRING_4,,,,,,,,USER_DEFINED_STRING_2,USER_DEFINED_STRING_1,,,,,USER_DEFINED_STRING_4,,,,,,,,,,,,,,,,,,,,,,,,,,,,,,,,,,
,,,,,USER_DEFINED_STRING_3,USER_DEFINED_STRING_2,,,,,USER_DEFINED_STRING_5,,,,,,,,USER_DEFINED_STRING_3,USER_DEFINED_STRING_2,,,,,USER_DEFINED_STRING_5,,,,,,,,,,,,,,,,,,,,,,,,,,,,,,,,,,
,,,,,USER_DEFINED_STRING_4,USER_DEFINED_STRING_3,,,,,,,,,,,,,USER_DEFINED_STRING_4,USER_DEFINED_STRING_3,,,,,,,,,,,,,,,,,,,,,,,,,,,,,,,,,,,,,,,
,,,,,USER_DEFINED_STRING_5,USER_DEFINED_STRING_4,,,,,,,,,,,,,USER_DEFINED_STRING_5,USER_DEFINED_STRING_4,,,,,,,,,,,,,,,,,,,,,,,,,,,,,,,,,,,,,,,
,,,,,,USER_DEFINED_STRING_5,,,,,,,,,,,,,,USER_DEFINED_STRING_5,,,,,,,,,,,,,,,,,,,,,,,,,,,,,,,,,,,,,,,
,,,,,,WALLET_SHARE_PERCENTAGE,,,,,,,,,,,,,,WALLET_SHARE_PERCENTAGE,,,,,,,,,,,,,,,,,,,,,,,,,,,,,,,,,,,,,,,
,,,,,,YOUNGEST_DEPENDENT_ADULT_BIRTH_YEAR,,,,,,,,,,,,,,YOUNGEST_DEPENDENT_ADULT_BIRTH_YEAR,,,,,,,,,,,,,,,,,,,,,,,,,,,,,,,,,,,,,,,
,,,,,,YOUNGEST_DEPENDENT_CHILD_BIRTH_YEAR,,,,,,,,,,,,,,YOUNGEST_DEPENDENT_CHILD_BIRTH_YEAR,,,,,,,,,,,,,,,,,,,,,,,,,,,,,,,,,,,,,,,